source_word,target_word,source_pos,target_pos,morpheme,type,segments
үер,үерлэх,N,V,лэх,suffix,"('үер', '#лэх')"
хязгаар,хязгааргүй,J,J,гүй,suffix,"('хязгаар', '#гүй')"
хийсвэржих,хийсвэржилт,V,N,лт,suffix,"('хийсвэржих', '#лт')"
шилжүүлэх,шилжүүлэгч,V,N,гч,suffix,"('шилжих', '#үүлэх', '#гч')"
юм,юмтай,J,J,тай,suffix,"('юм', '#тай')"
бие,биет,N,J,т,suffix,"('бие', '#т')"
дүүрэх,дүүргэх,V,V,гэх,suffix,"('дүүрэх', '#гэх')"
багтаах,багтаамж,V,N,мж,suffix,"('багтаах', '#мж')"
ургах,ургамал,V,N,мал,suffix,"('ургах', '#мал')"
хувь,хувилах,N,V,лах,suffix,"('хувь', '#лах')"
хуулах,хуулбар,V,N,бар,suffix,"('хуулах', '#бар')"
канон,канондох,N,V,дох,suffix,"('канон', '#дох')"
хуулбар,хуулбарлах,N,V,лах,suffix,"('хуулах', '#бар', '#лах')"
сүйтгэх,сүйтгэгч,V,N,гч,suffix,"('сүйтгэх', '#гч')"
мөрдөх,мөрдөгч,V,N,гч,suffix,"('мөр', '#дөх', '#гч')"
тандах,тандагч,V,N,гч,suffix,"('тандах', '#гч')"
мэдрэх,мэдрэмж,V,N,мж,suffix,"('мэдрэх', '#мж')"
цаглаш,цаглашгүй,J,J,гүй,suffix,"('цаглаш', '#гүй')"
харилцах,харилцаа,V,N,аа,suffix,"('харилцах', '#аа')"
дарангуйлах,дарангуйлагч,V,N,гч,suffix,"('дарангуйлах', '#гч')"
үзэгдэх,үзэгдэл,V,N,л,suffix,"('үзэх', '#гдэх', '#л')"
найруулах,найруулагч,V,N,гч,suffix,"('найруулах', '#гч')"
зай,зайтай,N,J,тай,suffix,"('зай', '#тай')"
үзүүр,үзүүргүй,N,J,гүй,suffix,"('үзүүр', '#гүй')"
бүдэг,бүдэгхэн,J,J,хэн,suffix,"('бүдэг', '#хэн')"
тодорхой,тодорхойгүй,J,J,гүй,suffix,"('тод', '#рох', '#хой', '#гүй')"
залгих,залгилах,V,V,лах,suffix,"('залгих', '#лах')"
бэлхүүс,бэлхүүсэвч,N,N,вч,suffix,"('бэлхүүс', '#вч')"
тууш,тууштай,J,J,тай,suffix,"('тууш', '#тай')"
тэгш,тэгшлэх,J,V,лэх,suffix,"('тэгш', '#лэх')"
тус,туслах,N,V,лах,suffix,"('тус', '#лах')"
товч,товчхон,J,J,хон,suffix,"('товч', '#хон')"
хандах,хандлага,V,N,лага,suffix,"('хандах', '#лага')"
байх,байдал,V,N,дал,suffix,"('байх', '#дал')"
холбох,холбоо,V,N,оо,suffix,"('холбох', '#оо')"
холбох,холболт,V,N,лт,suffix,"('холбох', '#лт')"
ир,иргүй,N,J,гүй,suffix,"('ир', '#гүй')"
шумбах,шумбагч,V,N,гч,suffix,"('шумбах', '#гч')"
оролцох,оролцоо,V,N,оо,suffix,"('орох', '#лцох', '#оо')"
дуусах,дуусгах,V,V,гах,suffix,"('дуусах', '#гах')"
эцэс,эцэслэх,N,V,лэх,suffix,"('эцэс', '#лэх')"
төгсөх,төгсгөх,V,V,гөх,suffix,"('төгсөх', '#гөх')"
ойлгох,ойлголт,V,N,лт,suffix,"('ойлгох', '#лт')"
удах,удаан,V,N,аан,suffix,"('удах', '#аан')"
боловсрох,боловсруулах,V,V,уулах,suffix,"('боловсрох', '#уулах')"
шингэх,шингээх,V,V,ээх,suffix,"('шингэх', '#ээх')"
амьсгаа,амьсгаалах,N,V,лах,suffix,"('амьсгаа', '#лах')"
чухал,чухалчлах,J,V,члах,suffix,"('чухал', '#члах')"
хөдөлгөх,хөдөлгөгч,V,N,гч,suffix,"('хөдөлөх', '#гөх', '#гч')"
хөдөлөх,хөдөлгөх,V,V,гөх,suffix,"('хөдөлөх', '#гөх')"
үнэр,үнэртэх,N,V,тэх,suffix,"('үнэр', '#тэх')"
амьсгал,амьсгалах,N,V,х,suffix,"('амьсгал', '#х')"
амжих,амжилт,V,N,лт,suffix,"('амжих', '#лт')"
олох,ололт,V,N,лт,suffix,"('олох', '#лт')"
болох,боломж,V,N,мж,suffix,"('болох', '#мж')"
хандивлах,хандивлагч,V,N,гч,suffix,"('хандивлах', '#гч')"
бүртгэх,бүртгэл,V,N,л,suffix,"('бүртгэх', '#л')"
хавчуулах,хавчуулагдах,V,V,гдах,suffix,"('хавчих', '#уулах', '#гдах')"
сэргэх,сэргээх,V,V,ээх,suffix,"('сэргэх', '#ээх')"
урвах,урвагч,V,N,гч,suffix,"('урвах', '#гч')"
шингэх,шингэлт,V,N,лт,suffix,"('шингэх', '#лт')"
нэвчих,нэвчилт,V,N,лт,suffix,"('нэвчих', '#лт')"
буух,буулт,V,N,лт,suffix,"('буух', '#лт')"
газардах,газардалт,V,N,лт,suffix,"('газар', '#дах', '#лт')"
газар,газардах,N,V,дах,suffix,"('газар', '#дах')"
хүндэтгэл,хүндэтгэлгүй,N,J,гүй,suffix,"('хүндэт', '#гэх', '#л', '#гүй')"
том,томдох,J,J,дох,suffix,"('том', '#дох')"
барих,бариу,V,J,уу,suffix,"('барих', '#уу')"
нарийн,нарийхан,J,J,хан,suffix,"('нарийн', '#хан')"
ухрах,ухралт,V,N,лт,suffix,"('ухрах', '#лт')"
огцрох,огцролт,V,N,лт,suffix,"('огцрох', '#лт')"
архи,архичин,N,N,чин,suffix,"('архи', '#чин')"
зайлах,зайлсхийх,V,V,схийх,suffix,"('зайлах', '#схийх')"
үлдэгдэх,үлдэгдэл,V,N,л,suffix,"('үлдэгдэх', '#л')"
үлдэх,үлдсэн,V,J,сэн,suffix,"('үлдэх', '#сэн')"
хувирах,хувирал,V,N,л,suffix,"('хувирах', '#л')"
урвах,урвал,V,N,л,suffix,"('урвах', '#л')"
биежих,биежилт,V,N,лт,suffix,"('биежих', '#лт')"
хэрэгжүүлэх,хэрэгжүүлэлт,V,N,лт,suffix,"('хэрэгжүүлэх', '#лт')"
ардчилах,ардчилал,V,N,л,suffix,"('ардчилах', '#л')"
цохих,цохиур,V,N,иур,suffix,"('цохих', '#иур')"
гүйцэтгэх,гүйцэтгэл,V,N,л,suffix,"('гүйцэд', '#гэх', '#л')"
бага,багахан,J,J,хан,suffix,"('бага', '#хан')"
жижиг,жижигхэн,J,J,хэн,suffix,"('жижиг', '#хэн')"
тэсвэрлэх,тэсвэрлүүлэх,V,V,үүлэх,suffix,"('тэсвэр', '#лэх', '#үүлэх')"
тэсвэр,тэсвэрлэх,N,V,лэх,suffix,"('тэсвэр', '#лэх')"
хадгалах,хадгалуулах,V,V,уулах,suffix,"('хадгалах', '#уулах')"
ургах,ургац,V,N,ц,suffix,"('ургах', '#ц')"
уян,уяхан,J,J,хан,suffix,"('уян', '#хан')"
цайх,цайвар,V,N,вар,suffix,"('цайх', '#вар')"
унах,уналт,V,N,лт,suffix,"('унах', '#лт')"
тогтворжих,тогтворжуулах,V,V,уулах,suffix,"('тогтворжих', '#уулах')"
зуурах,зууралдах,V,V,лдах,suffix,"('зуурах', '#лдах')"
наах,наалдах,V,V,лдах,suffix,"('наах', '#лдах')"
бамбалзах,бамбалзсан,V,J,сан,suffix,"('бамбалзах', '#сан')"
нялцганах,нялцганасан,V,J,сан,suffix,"('нялцганах', '#сан')"
зөөлөн,зөөлрөх,J,V,рөх,suffix,"('зөөлөн', '#рөх')"
харьцах,харьцаа,V,N,аа,suffix,"('харьцах', '#аа')"
өхөөрдөх,өхөөрдөм,V,J,м,suffix,"('өхөөрдөх', '#м')"
эргэх,эргүүлэх,V,V,үүлэх,suffix,"('эргэх', '#үүлэх')"
баян,баялаг,J,J,лаг,suffix,"('баян', '#лаг')"
давтах,давтамж,V,N,мж,suffix,"('давтах', '#мж')"
дутагдах,дутагдал,V,N,л,suffix,"('дутагдах', '#л')"
алдах,алдаа,V,N,аа,suffix,"('алдах', '#аа')"
доголдох,доголдол,V,N,л,suffix,"('доголдох', '#л')"
нас,настан,N,N,тан,suffix,"('нас', '#тан')"
ах,ахмад,N,N,мад,suffix,"('ах', '#мад')"
бүтээх,бүтээмж,V,N,мж,suffix,"('бүтэх', '#ээх', '#мж')"
эвдэх,эвдлэх,V,V,лэх,suffix,"('эвдэх', '#лэх')"
бут,бутлах,J,V,лах,suffix,"('бут', '#лах')"
хэмх,хэмхлэх,J,V,лэх,suffix,"('хэмх', '#лэх')"
хаг,хагалах,J,V,лах,suffix,"('хаг', '#лах')"
чиглэх,чиглэл,V,N,л,suffix,"('чиглэх', '#л')"
аз,азтай,N,J,тай,suffix,"('аз', '#тай')"
зөрчих,зөрчил,V,N,л,suffix,"('зөрчих', '#л')"
зөрөлдөх,зөрөлдөөн,V,N,өөн,suffix,"('зөрөлдөх', '#өөн')"
хөдөлмөр,хөдөлмөрчин,N,N,чин,suffix,"('хөдлөх', '#мөр', '#чин')"
ажил,ажилтан,N,N,тан,suffix,"('ажил', '#тан')"
нухах,нухлах,V,V,лах,suffix,"('нухах', '#лах')"
базах,базлах,V,V,лах,suffix,"('базах', '#лах')"
нэгтгэх,нэгтгэл,V,N,л,suffix,"('нэгтгэх', '#л')"
хамтатгах,хамтатгал,V,N,л,suffix,"('хамтатгах', '#л')"
нэгдэх,нэгдэл,V,N,л,suffix,"('нэгдэх', '#л')"
хөлслөх,хөлслөгч,V,N,гч,suffix,"('хөлслөх', '#гч')"
зохиох,зохиогч,V,N,гч,suffix,"('зохиох', '#гч')"
эмхтгэх,эмхтгэгч,V,N,гч,suffix,"('эмхтгэх', '#гч')"
дайн,дайсан,N,N,сан,suffix,"('дайн', '#сан')"
зөвшөөрөх,зөвшөөрөл,V,N,л,suffix,"('зөвшөөрөх', '#л')"
залгамжлах,залгамжлал,V,N,л,suffix,"('залгамжлах', '#л')"
байрлах,байрлал,V,N,л,suffix,"('байр', '#лах', '#л')"
битүүмж,битүүмжлэх,N,V,лэх,suffix,"('битүүмж', '#лэх')"
эзэмших,эзэмшил,V,N,л,suffix,"('эзэмших', '#л')"
эзэгнэх,эзэгнэл,V,N,л,suffix,"('эзэгнэх', '#л')"
заах,заагч,V,N,гч,suffix,"('заах', '#гч')"
хямрах,хямрал,V,N,л,suffix,"('хямрах', '#л')"
баривчлах,баривчилгаа,V,N,гаа,suffix,"('баривч', '#лах', '#гаа')"
хязгаарлах,хязгаарлалт,V,N,лт,suffix,"('хязгаар', '#лах', '#лт')"
хориглох,хориглолт,V,N,лт,suffix,"('хорих', '#г', '#лох', '#лт')"
хорих,хорио,V,N,оо,suffix,"('хорих', '#оо')"
цагдах,цагдалт,V,N,лт,suffix,"('цагдах', '#лт')"
буцах,буцаах,V,V,аах,suffix,"('буцах', '#аах')"
чанга,чангаах,J,V,аах,suffix,"('чанга', '#аах')"
үрчлэх,үрчлээ,V,N,ээ,suffix,"('үрчлэх', '#ээ')"
атирах,атираа,V,N,аа,suffix,"('атирах', '#аа')"
сайжрах,сайжруулах,V,V,уулах,suffix,"('сайжрах', '#уулах')"
зөөлрөх,зөөлрүүлэх,V,V,үүлэх,suffix,"('зөөлөн', '#рөх', '#үүлэх')"
өөрчлөх,өөрчлөлт,V,N,лт,suffix,"('өөрчлөх', '#лт')"
шинэчлэх,шинэчлэлт,V,N,лт,suffix,"('шинэ', '#члэх', '#лт')"
тогтолцох,тогтолцоо,V,N,оо,suffix,"('тогтолцох', '#оо')"
бүтэх,бүтэц,V,N,ц,suffix,"('бүтэх', '#ц')"
байгуулах,байгууламж,V,N,мж,suffix,"('байгуулах', '#мж')"
дэлгэрэх,дэлгэрэлт,V,N,лт,suffix,"('дэлгэх', '#рэх', '#лт')"
тархах,тархалт,V,N,лт,suffix,"('тарах', '#х', '#лт')"
түгэх,түгэлт,V,N,лт,suffix,"('түгэх', '#лт')"
тайлах,тайлбар,V,N,бар,suffix,"('тайлах', '#бар')"
тохь,тохирох,N,V,рох,suffix,"('тохь', '#рох')"
зохих,зохицох,V,V,цох,suffix,"('зохих', '#цох')"
нөхөр,нөхөрсөг,N,J,сөг,suffix,"('нөхөр', '#сөг')"
харвах,харвалт,V,N,лт,suffix,"('харвах', '#лт')"
буудах,буудлага,V,N,лага,suffix,"('буу', '#дах', '#лага')"
галлах,галлалт,V,N,лт,suffix,"('гал', '#лах', '#лт')"
хөөрөх,хөөрөл,V,N,л,suffix,"('хөөрөх', '#л')"
тачаах,тачаал,V,N,л,suffix,"('тачаах', '#л')"
гишгэх,гишгэлэх,V,V,лэх,suffix,"('гишгэх', '#лэх')"
шилэх,шилдэг,V,J,дэг,suffix,"('шилэх', '#дэг')"
тариа,тариачин,N,N,чин,suffix,"('тариа', '#чин')"
дутах,дутуу,V,J,уу,suffix,"('дутах', '#уу')"
төлөв,төлөвших,N,V,ших,suffix,"('төлөв', '#ших')"
хөргөх,хөргөгч,V,N,гч,suffix,"('хөргөх', '#гч')"
дадлага,дадлагатай,N,J,тай,suffix,"('дадах', '#лага', '#тай')"
чадал,чадалтай,N,J,тай,suffix,"('чадал', '#тай')"
туршлага,туршлагатай,N,J,тай,suffix,"('турших', '#лага', '#тай')"
хальс,хальслах,N,V,лах,suffix,"('хальс', '#лах')"
арилах,арилгах,V,V,гах,suffix,"('арилах', '#гах')"
шалдан,шалдлах,J,V,лах,suffix,"('шалдан', '#лах')"
нүцгэн,нүцгэлэх,J,V,лэх,suffix,"('нүцгэн', '#лэх')"
шахах,шахалт,V,N,лт,suffix,"('шахах', '#лт')"
дарлах,дарлал,V,N,л,suffix,"('дарлах', '#л')"
хавчих,хавчлага,V,N,лага,suffix,"('хавчих', '#лага')"
илд,илдчин,N,N,чин,suffix,"('илд', '#чин')"
дайн,дайчин,N,N,чин,suffix,"('дайн', '#чин')"
зурах,зураас,V,N,аас,suffix,"('зурах', '#аас')"
өндөр,өндөрлөх,N,V,лөх,suffix,"('өндөр', '#лөх')"
оргил,оргилох,N,V,лох,suffix,"('оргих', '#л', '#лох')"
бөөлжих,бөөлжис,V,N,с,suffix,"('бөөлжих', '#с')"
санхүү,санхүүч,N,N,ч,suffix,"('санхүү', '#ч')"
зурах,зураг,V,N,г,suffix,"('зурах', '#г')"
ханиах,ханиад,V,N,д,suffix,"('ханиах', '#д')"
үсрэх,үсрэлт,V,N,лт,suffix,"('үсрэх', '#лт')"
тос,тослох,N,V,лох,suffix,"('тос', '#лох')"
явах,явуулах,V,V,уулах,suffix,"('явах', '#уулах')"
тандах,тандалт,V,N,лт,suffix,"('тандах', '#лт')"
загас,загасчин,N,N,чин,suffix,"('загас', '#чин')"
шийдвэрлэх,шийдвэрлэгч,V,N,гч,suffix,"('шийдэх', '#вэр', '#лэх', '#гч')"
тамга,тамгалах,N,V,лах,suffix,"('тамга', '#лах')"
бичих,бичвэр,V,N,вэр,suffix,"('бичих', '#вэр')"
найруулах,найруулга,V,N,га,suffix,"('найруулах', '#га')"
ойр,ойртох,J,V,тох,suffix,"('ойр', '#тох')"
тойрох,тойрог,V,N,г,suffix,"('тойрох', '#г')"
цохих,цохилт,V,N,лт,suffix,"('цохих', '#лт')"
дөрвөл,дөрвөлжин,N,J,жин,suffix,"('дөрвөл', '#жин')"
энэрэх,энэрэнгүй,V,J,нгүй,suffix,"('энэрэх', '#нгүй')"
улайрах,улайрсан,V,J,сан,suffix,"('улайрах', '#сан')"
хэтрэх,хэтэрсэн,V,J,сэн,suffix,"('хэт', '#рэх', '#сэн')"
догших,догшин,V,J,н,suffix,"('догших', '#н')"
эргүүлэх,эргүүлэг,V,N,г,suffix,"('эргэх', '#үүлэх', '#г')"
мушгирах,мушгирсан,V,J,сан,suffix,"('мушгирах', '#сан')"
мушгих,мушгиа,V,N,аа,suffix,"('мушгих', '#аа')"
агших,агшилт,V,N,лт,suffix,"('агших', '#лт')"
жижиг,жижигрэх,J,V,рэх,suffix,"('жижиг', '#рэх')"
таслах,таславч,V,N,вч,suffix,"('таслах', '#вч')"
хүч,хүчтэй,N,J,тэй,suffix,"('хүч', '#тэй')"
далайц,далайцтай,N,J,тай,suffix,"('далайц', '#тай')"
зэврэх,зэврүүн,V,J,үүн,suffix,"('зэврэх', '#үүн')"
боргих,боргио,V,N,оо,suffix,"('боргих', '#оо')"
тэмцэх,тэмцэл,V,N,л,suffix,"('тэмцэх', '#л')"
тулах,тулаан,V,N,аан,suffix,"('тулах', '#аан')"
үрчийх,үрчийлгэх,V,V,лгэх,suffix,"('үрчийх', '#лгэх')"
гурвал,гурвалжин,N,N,жин,suffix,"('гурав', '#л', '#жин')"
тахийх,тахийлгах,V,V,лгах,suffix,"('тахийх', '#лгах')"
мурийх,мурийлгах,V,V,лгах,suffix,"('мурийх', '#лгах')"
бөгтийх,бөгтийлгөх,V,V,лгөх,suffix,"('бөгтийх', '#лгөх')"
зөн,зөнч,N,N,ч,suffix,"('зөн', '#ч')"
наймал,наймалжин,N,J,жин,suffix,"('наймал', '#жин')"
санааширах,санааширсан,V,J,сан,suffix,"('санааширах', '#сан')"
шаналгаа,шаналгаатай,N,J,тай,suffix,"('шаналгаа', '#тай')"
мэрэх,мэрэгч,V,N,гч,suffix,"('мэрэх', '#гч')"
төлөх,төлөгч,V,N,гч,suffix,"('төлөх', '#гч')"
хангалт,хангалттай,N,J,тай,suffix,"('хангах', '#лт', '#тай')"
хүрэлцээ,хүрэлцээтэй,N,J,тэй,suffix,"('хүрэлцээ', '#тэй')"
үнсэх,үнсэлт,V,N,лт,suffix,"('үнсэх', '#лт')"
залгах,залгавар,V,N,вар,suffix,"('залгах', '#вар')"
угтах,угтвар,V,N,вар,suffix,"('угтах', '#вар')"
догол,доголох,N,V,х,suffix,"('догол', '#х')"
дагах,дагавар,V,N,вар,suffix,"('дагах', '#вар')"
бүртгэх,бүртгүүлэх,V,N,үүлэх,suffix,"('бүртгэх', '#үүлэх')"
шалгах,шалгуулах,V,N,уулах,suffix,"('шалгах', '#уулах')"
хянах,хяналт,V,N,лт,suffix,"('хянах', '#лт')"
шалгах,шалгалт,V,N,лт,suffix,"('шалгах', '#лт')"
оношлох,оношлогоо,V,N,гоо,suffix,"('оношлох', '#гоо')"
магадлах,магадлагаа,V,N,гаа,suffix,"('магадлах', '#гаа')"
үзэх,үзлэг,V,N,лэг,suffix,"('үзэх', '#лэг')"
аян,аялах,N,V,лах,suffix,"('аян', '#лах')"
өгүүлэгдэх,өгүүлэгдэхүүн,V,N,үүн,suffix,"('өгүүлэгдэх', '#үүн')"
уулзах,уулзвар,V,N,вар,suffix,"('уулзах', '#вар')"
зөрөх,зөрлөг,V,N,лөг,suffix,"('зөрөх', '#лөг')"
уулзах,уулзалт,V,N,лт,suffix,"('уулзах', '#лт')"
цуглах,цугларах,V,V,рах,suffix,"('цуглах', '#рах')"
цуглах,цуглаан,V,N,аан,suffix,"('цуглах', '#аан')"
нийлэх,нийлүүлэх,V,V,үүлэх,suffix,"('нийлэх', '#үүлэх')"
босох,босуул,V,N,уул,suffix,"('босох', '#уул')"
оргох,оргуул,V,N,уул,suffix,"('оргох', '#уул')"
оргох,оргодол,V,N,дол,suffix,"('оргох', '#дол')"
зугтах,зугтуул,V,N,уул,suffix,"('зугтах', '#уул')"
гагнах,гагнуур,V,N,уур,suffix,"('гагнах', '#уур')"
тэнцэх,тэнцвэр,V,N,вэр,suffix,"('тэнцэх', '#вэр')"
салах,салгах,V,V,гах,suffix,"('салах', '#гах')"
үзүүлэх,үзүүлэн,V,N,н,suffix,"('үзэх', '#үүлэх', '#н')"
үзэх,үзэсгэлэн,V,N,сгэлэн,suffix,"('үзэх', '#сгэлэн')"
бэлчээх,бэлчээр,V,N,р,suffix,"('бэлчих', '#ээх', '#р')"
илрүүлэх,илрүүлэлт,V,N,лт,suffix,"('ил', '#рэх', '#үүлэх', '#лт')"
тодорхой,тодорхойлох,J,V,лох,suffix,"('тод', '#рох', '#хой', '#лох')"
тулгах,тулгуур,V,N,уур,suffix,"('тулгах', '#уур')"
тоомжир,тоомжиргүй,J,J,гүй,suffix,"('тоомжир', '#гүй')"
хайхрамж,хайхрамжгүй,J,J,гүй,suffix,"('хайхрамж', '#гүй')"
казино,казиночин,N,N,чин,suffix,"('казино', '#чин')"
хэт,хэтрэх,N,V,рэх,suffix,"('хэт', '#рэх')"
батал,баталгаа,V,N,гаа,suffix,"('батал', '#гаа')"
нотлох,нотолгоо,V,N,гоо,suffix,"('нотлох', '#гоо')"
хэт,хэтэрхий,N,J,рхий,suffix,"('хэт', '#рхий')"
хилэн,хилэнтэй,N,J,тэй,suffix,"('хилэн', '#тэй')"
байрших,байршил,V,N,л,suffix,"('байрших', '#л')"
заах,зааг,V,N,г,suffix,"('заах', '#г')"
засвар,засварлах,N,V,лах,suffix,"('засах', '#вар', '#лах')"
засах,засвар,V,N,вар,suffix,"('засах', '#вар')"
хаах,хаалт,V,N,лт,suffix,"('хаах', '#лт')"
уриалах,уриалга,V,N,га,suffix,"('уриалах', '#га')"
ухуулах,ухуулга,V,N,га,suffix,"('ухуулах', '#га')"
турхирах,турхиралт,V,N,лт,suffix,"('турхирах', '#лт')"
явуулах,явуулга,V,N,га,suffix,"('явах', '#уулах', '#га')"
өдөх,өдөлт,V,N,лт,suffix,"('өдөх', '#лт')"
хүч,хүчээр,N,R,ээр,suffix,"('хүч', '#ээр')"
албадах,албадан,V,R,н,suffix,"('албадах', '#н')"
тусгах,тусгал,V,N,л,suffix,"('тусгах', '#л')"
холбох,холбоц,V,N,ц,suffix,"('холбох', '#ц')"
хангал,хангалуун,J,J,уун,suffix,"('хангал', '#уун')"
өгөх,өгөөш,V,N,өөш,suffix,"('өгөх', '#өөш')"
тааламж,тааламжгүй,N,J,гүй,suffix,"('тааламж', '#гүй')"
жигших,жигшим,V,J,м,suffix,"('жигших', '#м')"
урхи,урхидах,N,V,дах,suffix,"('урхи', '#дах')"
дорой,доройтох,J,V,тох,suffix,"('дорой', '#тох')"
санах,санал,V,N,л,suffix,"('санах', '#л')"
сонгох,сонголт,V,N,лт,suffix,"('сонгох', '#лт')"
шилэх,шилэлт,V,N,лт,suffix,"('шилэх', '#лт')"
ялгах,ялгалт,V,N,лт,suffix,"('ялгах', '#лт')"
шийдэх,шийдвэр,V,N,вэр,suffix,"('шийдэх', '#вэр')"
тогтоох,тогтоол,V,N,л,suffix,"('тогтоох', '#л')"
зорих,зориг,V,N,г,suffix,"('зорих', '#г')"
санах,санаа,V,N,аа,suffix,"('санах', '#аа')"
эрмэлзэх,эрмэлзэл,V,N,л,suffix,"('эрмэлзэх', '#л')"
томилох,томилгоо,V,N,гоо,suffix,"('томилох', '#гоо')"
жолоо,жолоодох,N,V,дох,suffix,"('жолоо', '#дох')"
дагах,дагуулах,V,V,уулах,suffix,"('дагах', '#уулах')"
хаах,хаалга,V,N,лга,suffix,"('хаах', '#лга')"
цоо,цоолох,J,V,лох,suffix,"('цоо', '#лох')"
ухаан,ухаарах,N,V,рах,suffix,"('ухаан', '#рах')"
гадар,гадарлах,N,V,лах,suffix,"('гадар', '#лах')"
гялбах,гялбаа,N,V,аа,suffix,"('гял', '#бах', '#аа')"
салах,салаа,N,V,аа,suffix,"('салах', '#аа')"
идэх,идэмхий,V,J,мхий,suffix,"('идэх', '#мхий')"
мөр,мөрдөх,N,V,дөх,suffix,"('мөр', '#дөх')"
нэр,нэрлэх,N,V,лэх,suffix,"('нэр', '#лэх')"
хаалга,хаалгач,N,N,ч,suffix,"('хаах', '#лга', '#ч')"
шившиг,шившигтэй,N,J,тэй,suffix,"('шившиг', '#тэй')"
гутамшиг,гутамшигтай,N,J,тай,suffix,"('гутах', '#мшиг', '#тай')"
ичгүүр,ичгүүртэй,N,J,тэй,suffix,"('ичгүүр', '#тэй')"
алхах,алхаа,N,V,аа,suffix,"('алхах', '#аа')"
алхах,алхам,N,V,м,suffix,"('алхах', '#м')"
гарах,гарц,V,N,ц,suffix,"('гарах', '#ц')"
загас,загасчлах,N,V,члах,suffix,"('загас', '#члах')"
зарчим,зарчимгүй,N,J,гүй,suffix,"('зарчим', '#гүй')"
бодлого,бодлогогүй,N,J,гүй,suffix,"('бодлого', '#гүй')"
ёс,ёсгүй,N,J,гүй,suffix,"('ёс', '#гүй')"
завхарах,завхарсан,V,J,сан,suffix,"('завхарах', '#сан')"
олиг,олиггүй,N,J,гүй,suffix,"('олиг', '#гүй')"
өөд,өөдгүй,J,J,гүй,suffix,"('өөд', '#гүй')"
ноорох,ноорог,V,N,г,suffix,"('ноорох', '#г')"
цөөн,цөөхөн,J,J,хөн,suffix,"('цөөн', '#хөн')"
зэргэх,зэргэмж,V,N,мж,suffix,"('зэргэх', '#мж')"
тохируулах,тохируулга,V,N,га,suffix,"('тохируулах', '#га')"
шөвөг,шөвөгдөх,N,V,дөх,suffix,"('шөвөг', '#дөх')"
орох,оролцох,V,V,лцох,suffix,"('орох', '#лцох')"
үхэх,үхүүлэх,V,V,үүлэх,suffix,"('үхэх', '#үүлэх')"
цом,цомхон,J,J,сан,suffix,"('цом', '#сан')"
хөнгөн,хөнгөхөн,J,J,хөн,suffix,"('хөнгөн', '#хөн')"
сул,сулхан,J,J,хан,suffix,"('сул', '#хан')"
илгэх,илгээн,V,N,ээн,suffix,"('илгэх', '#ээн')"
чимээ,чимээгүй,N,J,гүй,suffix,"('чимээ', '#гүй')"
сонгох,сонгууль,V,N,ууль,suffix,"('сонгох', '#ууль')"
шургуулах,шургуулга,V,N,га,suffix,"('шургуулах', '#га')"
нурах,нураах,V,V,аах,suffix,"('нурах', '#аах')"
сэдэх,сэдэв,V,N,в,suffix,"('сэдэх', '#в')"
үерхэх,үерхэл,V,N,л,suffix,"('үерхэх', '#л')"
нөхөрлөх,нөхөрлөл,V,N,л,suffix,"('нөхөрлөх', '#л')"
хувцаслах,хувцаслалт,V,N,лт,suffix,"('хувцас', '#лах', '#лт')"
сорих,сорилт,V,N,лт,suffix,"('сорих', '#лт')"
үймрэх,үймэрсэн,V,J,сэн,suffix,"('үймрэх', '#сэн')"
замбараа,замбараагүй,J,J,гүй,suffix,"('замбараа', '#гүй')"
тогтвор,тогтворгүй,N,J,гүй,suffix,"('тогтвор', '#гүй')"
зовиур,зовиуртай,N,J,тай,suffix,"('зовиур', '#тай')"
аюул,аюултай,N,J,тай,suffix,"('аюул', '#тай')"
эгзэг,эгзэгтэй,N,J,тэй,suffix,"('эгзэг', '#тэй')"
бүтэх,бүтээх,V,V,ээх,suffix,"('бүтэх', '#ээх')"
хавтас,хавтаслах,N,V,лах,suffix,"('хавтас', '#лах')"
найрах,найрлага,V,N,лага,suffix,"('найрах', '#лага')"
тогтворжих,тогтворжилт,V,N,лт,suffix,"('тогтворжих', '#лт')"
үсэглэх,үсэглэл,V,N,л,suffix,"('үсэглэх', '#л')"
бичиглэх,бичиглэл,V,N,л,suffix,"('бичиглэх', '#л')"
хасах,хасалт,V,N,лт,suffix,"('хасах', '#лт')"
нөөх,нөөц,V,N,ц,suffix,"('нөөх', '#ц')"
харагдах,харагдац,V,N,ц,suffix,"('харагдах', '#ц')"
татгалзах,татгалзал,V,N,л,suffix,"('татгалзах', '#л')"
тээг,тээглэх,N,V,лэх,suffix,"('тээг', '#лэх')"
зоох,зоогдох,V,V,гдох,suffix,"('зоох', '#гдох')"
зохицуулах,зохицуулалт,V,N,лт,suffix,"('зохицуулах', '#лт')"
дусах,дусал,V,N,л,suffix,"('дусах', '#л')"
хамгаалах,хамгаалалт,V,N,лт,suffix,"('хамгаалах', '#лт')"
хамгаалах,хамгаалагч,V,N,гч,suffix,"('хамгаалах', '#гч')"
оргих,оргил,V,N,л,suffix,"('оргих', '#л')"
нийцэх,нийцэл,V,N,л,suffix,"('нийцэх', '#л')"
оосор,оосорлох,N,V,лох,suffix,"('оосор', '#лох')"
тайлбарлах,тайлбарлагч,V,N,гч,suffix,"('тайлбарлах', '#гч')"
ойлгомж,ойлгомжтой,N,J,той,suffix,"('ойлгомж', '#той')"
чөлөө,чөлөөтэй,N,J,тэй,suffix,"('чөлөө', '#тэй')"
хатаах,хатаагуур,V,N,гуур,suffix,"('хатаах', '#гуур')"
хатаах,хатаагч,V,N,гч,suffix,"('хатаах', '#гч')"
нөхөх,нөхвөр,V,N,вөр,suffix,"('нөхөх', '#вөр')"
орлуулах,орлуулалт,V,N,лт,suffix,"('орлох', '#уулах', '#лт')"
үүсэх,үүсвэр,V,N,вэр,suffix,"('үүсэх', '#вэр')"
онгойх,онгойлгох,V,V,лгох,suffix,"('онгойх', '#лгох')"
мулт,мултлах,J,V,лах,suffix,"('мулт', '#лах')"
орлох,орлуулах,V,V,уулах,suffix,"('орлох', '#уулах')"
солих,солио,V,N,оо,suffix,"('солих', '#оо')"
тэнцэх,тэнцүү,V,J,үү,suffix,"('тэнцэх', '#үү')"
хаах,хаагдах,V,V,гдах,suffix,"('хаах', '#гдах')"
таг,таглах,N,V,лах,suffix,"('таг', '#лах')"
дэвших,дэвшил,V,N,л,suffix,"('дэвших', '#л')"
ахих,ахиц,V,N,ц,suffix,"('ахих', '#ц')"
 нээх,нээгдэх,V,V,гдэх,suffix,"(' нээх', '#гдэх')"
шинэчлэх,шинэчлэл,V,N,л,suffix,"('шинэ', '#члэх', '#л')"
гайхамшиг,гайхамшигтай,N,J,тай,suffix,"('гайхамшиг', '#тай')"
гайхал,гайхалтай,N,J,тай,suffix,"('гайхал', '#тай')"
чулуу,чулуужих,N,V,жих,suffix,"('чулуу', '#жих')"
шилжих,шилжүүлэх,V,V,үүлэх,suffix,"('шилжих', '#үүлэх')"
хорих,хориг,V,N,г,suffix,"('хорих', '#г')"
доожоо,доожоогүй,N,J,гүй,suffix,"('доожоо', '#гүй')"
зугтах,зугталт,V,N,лт,suffix,"('зугтах', '#лт')"
дайн,дайжих,N,V,жих,suffix,"('дайн', '#жих')"
зугтах,зугтаах,V,V,аах,suffix,"('зугтах', '#аах')"
зугтах,зугтлага,V,N,лага,suffix,"('зугтах', '#лага')"
суга,сугалах,N,V,лах,suffix,"('суга', '#лах')"
шаардлага,шаардлагатай,N,J,тай,suffix,"('шаардах', '#лага', '#тай')"
хэрэг,хэрэгтэй,N,J,тэй,suffix,"('хэрэг', '#тэй')"
гарах,гаргах,V,V,гах,suffix,"('гарах', '#гах')"
хэрэгцээ,хэрэгцээтэй,N,J,тэй,suffix,"('хэрэгцээ', '#тэй')"
эсэргүүцэх,эсэргүүцэл,V,N,л,suffix,"('эсэргүүцэх', '#л')"
тулалдах,тулалдаан,V,N,аан,suffix,"('тулалдах', '#аан')"
хэрэг,хэрэггүй,N,J,гүй,suffix,"('хэрэг', '#гүй')"
ашиг,ашиггүй,N,J,гүй,suffix,"('ашиг', '#гүй')"
лац,лацдах,N,V,дах,suffix,"('лац', '#дах')"
шүүх,шүүмж,V,N,мж,suffix,"('шүүх', '#мж')"
дүгнэх,дүгнэлт,V,N,лт,suffix,"('дүгнэх', '#лт')"
доожоо,тасралтгүй,N,J,гүй,suffix,"('доожоо', '#гүй')"
орших,оршихуй,V,N,уй,suffix,"('орших', '#уй')"
орших,оршил,V,N,л,suffix,"('орших', '#л')"
доог,дооглох,N,V,лох,suffix,"('доог', '#лох')"
шоо,шоолох,N,V,лох,suffix,"('шоо', '#лох')"
даажин,даажигнах,N,V,гнах,suffix,"('даажин', '#гнах')"
цаашлах,цаашлуулах,V,V,уулах,suffix,"('цаашлах', '#уулах')"
толгойлох,толгойлогч,V,N,гч,suffix,"('толгойлох', '#гч')"
төгсгөх,төгсгөл,V,N,л,suffix,"('төгсөх', '#гөх', '#л')"
сул,суллах,J,V,лах,suffix,"('сул', '#лах')"
сайн,сайхан,J,J,хан,suffix,"('сайн', '#хан')"
сонсох,сонсогч,V,N,гч,suffix,"('сонсох', '#гч')"
буян,буянтай,N,J,тай,suffix,"('буян', '#тай')"
ачлал,ачлалтай,N,J,тай,suffix,"('ачлал', '#тай')"
сүвэг,сүвэгчлэх,N,V,члэх,suffix,"('сүвэг', '#члэх')"
сүв,сүвлэх,N,V,лэх,suffix,"('сүв', '#лэх')"
амьдрах,амьдрал,V,N,л,suffix,"('амьдрах', '#л')"
дархлах,дархлал,V,N,л,suffix,"('дархлах', '#л')"
устах,устал,V,N,л,suffix,"('устах', '#л')"
мөхөх,мөхөл,V,N,л,suffix,"('мөхөх', '#л')"
шившиг,шившигт,N,J,т,suffix,"('шившиг', '#т')"
гутамшиг,гутамшигт,V,J,т,suffix,"('гутах', '#мшиг', '#т')"
завсарлах,завсарлага,V,N,га,suffix,"('завсарлах', '#га')"
хагарах,хагарал,V,N,л,suffix,"('хагарах', '#л')"
буух,буулгах,V,V,лгах,suffix,"('буух', '#лгах')"
бутрах,бутрал,V,N,л,suffix,"('бутрах', '#л')"
задрах,задрал,V,N,л,suffix,"('задрах', '#л')"
сөнөх,сөнөл,V,N,л,suffix,"('сөнөх', '#л')"
сүйрэх,сүйрэл,V,N,л,suffix,"('сүйрэх', '#л')"
дампуурах,дампуурал,V,N,л,suffix,"('дампуурах', '#л')"
нунтаг,нунтаглах,N,V,лах,suffix,"('нунтаг', '#лах')"
үйрэх,үйрүүлэх,V,V,үүлэх,suffix,"('үйрэх', '#үүлэх')"
няц,няцлах,J,V,лах,suffix,"('няц', '#лах')"
жижиг,жижиглэх,J,V,лэх,suffix,"('жижиг', '#лэх')"
уурших,ууршилт,V,N,лт,suffix,"('уурших', '#лт')"
харих,хариу,V,N,уу,suffix,"('харих', '#уу')"
хариу,хариулт,N,N,лт,suffix,"('харих', '#уу', '#лт')"
нийлэх,нийлэмж,V,N,мж,suffix,"('нийлэх', '#мж')"
бичих,бичиг,V,N,г,suffix,"('бичих', '#г')"
найрамдах,найрамдал,V,N,л,suffix,"('найрамдах', '#л')"
дэгээ,дэгээдэх,N,V,дэх,suffix,"('дэгээ', '#дэх')"
бүс,бүслэх,N,V,лэх,suffix,"('бүс', '#лэх')"
товч,товчлох,N,V,лох,suffix,"('товч', '#лох')"
тэнийх,тэнийлгэх,V,V,лгэх,suffix,"('тэнийх', '#лгэх')"
шидэх,шидлэх,V,V,лэх,suffix,"('шидэх', '#лэх')"
сүйрэх,сүйрүүлэх,V,V,үүлэх,suffix,"('сүйрэх', '#үүлэх')"
түйвэх,түйвээн,V,N,ээн,suffix,"('түйвэх', '#ээн')"
үймэх,үймээн,V,N,ээн,suffix,"('үймэх', '#ээн')"
шуугих,шуугиан,V,N,аан,suffix,"('шуугих', '#аан')"
эхлэх,эхлэл,V,N,л,suffix,"('эхлэх', '#л')"
бэлгэдэх,бэлгэдэл,V,N,л,suffix,"('бэлгэ', '#дэх', '#л')"
ёс,ёсолгоо,N,N,лгоо,suffix,"('ёс', '#лгоо')"
мэндчилэх,мэндчилгээ,J,N,лгээ,suffix,"('мэндчилэх', '#лгээ')"
үймэх,үймэлдэх,V,V,лдэх,suffix,"('үймэх', '#лдэх')"
шуугих,шуугилдах,V,V,лдах,suffix,"('шуугих', '#лдах')"
хөөрцөг,хөөрцөглөх,N,V,лөх,suffix,"('хөөрцөг', '#лөх')"
бараан,бараантах,J,J,тах,suffix,"('бараан', '#тах')"
нүүгэх,нүүгэлтэх,V,V,тэх,suffix,"('нүүгэх', '#тэх')"
норох,норгох,V,V,гох,suffix,"('норох', '#гох')"
чийг,чийглэх,N,V,лэх,suffix,"('чийг', '#лэх')"
хүчирхийлэх,хүчирхийлэл,V,N,л,suffix,"('хүчирхийлэх', '#л')"
нэмэх,нэмэлт,V,N,лт,suffix,"('нэмэх', '#лт')"
хавсрах,хавсралт,V,N,лт,suffix,"('хавсрах', '#лт')"
цуврах,цуврал,V,N,л,suffix,"('цуврах', '#л')"
устах,устгах,V,V,гах,suffix,"('устах', '#гах')"
сандрах,сандрал,V,N,л,suffix,"('сандрах', '#л')"
түгших,түгшүүр,V,N,р,suffix,"('түгших', '#р')"
хөгжил,хөгжилдөх,N,V,дөх,suffix,"('хөгжил', '#дөх')"
зугаа,зугаацах,N,V,цах,suffix,"('зугаа', '#цах')"
иш,ишлэх,N,V,лэх,suffix,"('иш', '#лэх')"
ишлэх,ишлэл,V,N,л,suffix,"('иш', '#лэх', '#л')"
байлдах,байлдаан,V,N,аан,suffix,"('байлдах', '#аан')"
мөргөлдөх,мөргөлдөөн,V,N,өөн,suffix,"('мөргөх', '#л', '#дөх', '#өөн')"
шавааралдах,шавааралдуулах,V,V,уулах,suffix,"('шавах', '#рах', '#лдах', '#уулах')"
овооролдох,овооролдуулах,V,V,уулах,suffix,"('овооролдох', '#уулах')"
саармаг,саармагжих,N,V,жих,suffix,"('саармаг', '#жих')"
саармагжих,саармагжуулах,V,V,уулах,suffix,"('саармаг', '#жих', '#уулах')"
хөдөлгөх,хөдөлгүүр,V,N,р,suffix,"('хөдөлөх', '#гөх', '#р')"
хардах,хардалт,V,N,лт,suffix,"('хардах', '#лт')"
эргэлзэх,эргэлзээ,V,N,ээ,suffix,"('эргэлзэх', '#ээ')"
сэрдэх,сэрдэлт,V,N,лт,suffix,"('сэрдэх', '#лт')"
хардах,хардлага,V,N,лага,suffix,"('хардах', '#лага')"
тарах,тархах,V,V,х,suffix,"('тарах', '#х')"
салаа,салаалах,N,V,лах,suffix,"('салах', '#аа', '#лах')"
салбар,салбарлах,N,V,лах,suffix,"('салбар', '#лах')"
гарах,гараа,V,N,аа ,suffix,"('гарах', '#аа ')"
олз,олзлох,N,V,лох,suffix,"('олз', '#лох')"
илрэх,илрүүлэх,V,V,үүлэх,suffix,"('ил', '#рэх', '#үүлэх')"
хор,хортой,N,J,той,suffix,"('хор', '#той')"
хор,хоргүй,N,J,гүй,suffix,"('хор', '#гүй')"
хөнөөл,хөнөөлгүй,N,N,гүй,suffix,"('хөнөөх', '#л', '#гүй')"
танилцуулах,танилцуулга,V,N,лга,suffix,"('танилцах', '#уулах', '#лга')"
амт,амтгүй,N,J,гүй,suffix,"('ам', '#т', '#гүй')"
уйтгар,уйтгартай,N,J,тай,suffix,"('уйтгар', '#тай')"
давс,давсгүй,N,J,гүй,suffix,"('давс', '#гүй')"
залхуу,залхуутай,N,J,тай,suffix,"('залхуу', '#тай')"
үүсгэх,үүсгүүр,V,N,үүр,suffix,"('үүсэх', '#гэх', '#үүр')"
элбэрэл,элбэрэлтэй,N,J,тэй,suffix,"('элбэрэл', '#тэй')"
угсрах,угсралт,V,N,лт,suffix,"('угсрах', '#лт')"
суурилуулах,суурилуулалт,V,N,лт,suffix,"('суурилах', '#уулах', '#лт')"
суулгах,суулгац,V,N,ц,suffix,"('суух', '#лгах', '#ц')"
цуглах,цуглуулах,V,V,уулах,suffix,"('цуглах', '#уулах')"
гуних,гуниг,V,N,г,suffix,"('гуних', '#г')"
зовох,зовлон,V,N,лон,suffix,"('зовох', '#лон')"
гомдох,гомдол,V,N,л,suffix,"('гомдох', '#л')"
харуусах,харуусал,V,N,л,suffix,"('харуусах', '#л')"
гонсойх,гонсойлт,V,N,лт,suffix,"('гонсойх', '#лт')"
гуниглах,гуниглал,V,N,л,suffix,"('гуниглах', '#л')"
гэм,гэмгүй,N,J,гүй,suffix,"('гэм', '#гүй')"
буруу,буруугүй,N,J,гүй,suffix,"('буруу', '#гүй')"
хуйлах,хуйлаас,V,N,аас,suffix,"('хуй', '#лах', '#аас')"
хуйлах,хуйлмал,V,N,мал,suffix,"('хуй', '#лах', '#мал')"
сүр,сүрдэх,J,V,дэх,suffix,"('сүр', '#дэх')"
шинэтгэх,шинэтгэл,V,N,л,suffix,"('шинэтгэх', '#л')"
гайхшрах,гайхшруулах,V,V,уулах,suffix,"('гайхшрах', '#уулах')"
айх,айлгах,V,V,лгах,suffix,"('айх', '#лгах')"
цочих,цочоох,V,V,оох,suffix,"('цочих', '#оох')"
илтгэх,илтгэл,V,N,л,suffix,"('илтгэх', '#л')"
тодрох,тодорхой,J,V,хой,suffix,"('тод', '#рох', '#хой')"
дурсах,дурсамж,V,N,мж,suffix,"('дурсах', '#мж')"
дурдатгах,дурдатгал,V,N,л,suffix,"('дурдатгах', '#л')"
ан,анчин,N,N,чин,suffix,"('ан', '#чин')"
орох,оруулах,V,V,уулах,suffix,"('орох', '#уулах')"
тэлэх,тэлэлт,V,N,лт,suffix,"('тэлэх', '#лт')"
өргөтгөх,өргөтгөл,V,N,л,suffix,"('өргөтгөх', '#л')"
цэвэрлэх,цэвэрлэгээ,V,N,гээ,suffix,"('цэвэр', '#лэх', '#гээ')"
хориг,хориглох,N,V,лох,suffix,"('хорих', '#г', '#лох')"
номхон,номхотгох,J,V,тгох,suffix,"('номхон', '#тгох')"
сонирхох,сонирхогч,V,N,гч,suffix,"('сонирхох', '#гч')"
унших,уншигч,V,N,гч,suffix,"('унших', '#гч')"
цэвэршүүлэх,цэвэршүүлэлт,V,N,лт,suffix,"('цэвэршүүлэх', '#лт')"
ариусгах,ариусгал,V,N,л,suffix,"('ариусгах', '#л')"
шүүр,шүүрдэх,N,V,дэх,suffix,"('шүүр', '#дэх')"
цэвэр,цэвэрлэх,J,V,лэх,suffix,"('цэвэр', '#лэх')"
уужрах,уужрал,V,N,л,suffix,"('уужрах', '#л')"
тайтгарах,тайтгарал,V,N,л,suffix,"('тайтгарах', '#л')"
зохиох,зохиол,V,N,л,suffix,"('зохиох', '#л')"
харъяа,харъяат,J,J,т,suffix,"('харъяа', '#т')"
эрхшээх,эрхшээл,V,N,л,suffix,"('эрхшээх', '#л')"
чадавхи,чадавхигүй,N,J,гүй,suffix,"('чадавхи', '#гүй')"
хүч,хүчгүй,N,J,гүй,suffix,"('хүч', '#гүй')"
чадал,чадалгүй,N,J,гүй,suffix,"('чадал', '#гүй')"
чадвар,чадваргүй,N,J,гүй,suffix,"('чадах', '#вар', '#гүй')"
цөхрөх,цөхрөл,V,N,л,suffix,"('цөхрөх', '#л')"
хараа,хараат,N,J,т,suffix,"('хараа', '#т')"
шилжих,шилжилт,V,N,лт,suffix,"('шилжих', '#лт')"
импорт,импортлох,N,V,лох,suffix,"('импорт', '#лох')"
нэвтрэх,нэвтрүүлэх,V,V,үүлэх,suffix,"('нэвт', '#рэх', '#үүлэх')"
шоглох,шоглоом,V,N,оом,suffix,"('шог', '#лох', '#оом')"
эсрэгцэх,эсрэгцэл,V,N,л,suffix,"('эсрэгцэх', '#л')"
шавхуур,шавхуурдах,N,V,дах,suffix,"('шавхуур', '#дах')"
гуя,гуядах,N,V,дах,suffix,"('гуя', '#дах')"
ташуур,ташуурдах,N,V,дах,suffix,"('ташуур', '#дах')"
алга,алгадах,N,V,дах,suffix,"('алга', '#дах')"
донсолгох,донсолгоо,V,N,оо,suffix,"('донсолгох', '#оо')"
ганхах,ганхалт,V,N,лт,suffix,"('ганхах', '#лт')"
дайвах,дайвалт,V,N,лт,suffix,"('дайвах', '#лт')"
чичирхийлэх,чичирхийлэл,V,N,л,suffix,"('чичирхийлэх', '#л')"
хөдлөх,хөдлөл,V,N,л,suffix,"('хөдлөх', '#л')"
чичиргэх,чичиргээ,V,N,ээ,suffix,"('чичиргэх', '#ээ')"
доргих,доргио,V,N,оо,suffix,"('доргих', '#оо')"
заах,заавар,V,N,вар,suffix,"('заах', '#вар')"
зааварчилах,зааварчилгаа,V,N,гаа,suffix,"('зааварчилах', '#гаа')"
төлөх,төлөөс,V,N,өөс,suffix,"('төлөх', '#өөс')"
урсгах,урсгал,V,N,л,suffix,"('урсгах', '#л')"
шинэ,шинэчлэх,J,V,члэх,suffix,"('шинэ', '#члэх')"
гоё,гоёх,J,V,х,suffix,"('гоё', '#х')"
гоёх,гоёл,V,N,л,suffix,"('гоё', '#х', '#л')"
арчих,арчлах,V,V,лах,suffix,"('арчих', '#лах')"
барих,барилга,V,N,лга,suffix,"('барих', '#лга')"
наадах,наадам,V,N,м,suffix,"('наадах', '#м')"
тоглох,тоглоом,V,N,оом,suffix,"('тоглох', '#оом')"
дүрс,дүрслэх,N,V,лэх,suffix,"('дүрс', '#лэх')"
савлах,савлуур,V,N,уур,suffix,"('сав', '#лах', '#уур')"
тэмдэглэх,тэмдэглэл,V,N,л,suffix,"('тэмдэг', '#лэх', '#л')"
үйлдэх,үйлдвэр,V,N,вэр,suffix,"('үйл', '#дэх', '#вэр')"
зогсох,зогсоох,V,V,оох,suffix,"('зогсох', '#оох')"
зогсох,зогсолт,V,N,лт,suffix,"('зогсох', '#лт')"
үсрэх,үсэргэх,V,V,гэх,suffix,"('үсрэх', '#гэх')"
хөөрөх,хөөргөх,V,V,гөх,suffix,"('хөөрөх', '#гөх')"
чавх,чавхдах,N,V,дах,suffix,"('чавх', '#дах')"
удирдах,удирдлага,V,N,лага,suffix,"('удирдах', '#лага')"
санаачлах,санаачлагч,V,N,гч,suffix,"('санах', '#аа', '#чилах', '#гч')"
эхлүүлэх,эхлүүлэгч,V,N,гч,suffix,"('эхлэх', '#үүлэх', '#гч')"
хуурах,хуурамч,V,J,мч,suffix,"('хуурах', '#мч')"
орчуулах,орчуулга,V,N,га,suffix,"('орчуулах', '#га')"
нөхөх,нөхөөс,V,N,өөс,suffix,"('нөхөх', '#өөс')"
дэвэх,дэвүүр,V,N,үүр,suffix,"('дэвэх', '#үүр')"
хуучирах,хуучирсан,V,J,сан,suffix,"('хуучирах', '#сан')"
удах,удсан,V,J,сан,suffix,"('удах', '#сан')"
зурах,зурвас,V,N,вас,suffix,"('зурах', '#вас')"
захих,захидал,V,N,дал,suffix,"('захих', '#дал')"
захих,захиа,V,N,аа,suffix,"('захих', '#аа')"
шалгах,шалгагч,V,N,гч,suffix,"('шалгах', '#гч')"
ядрах,ядаргаа,V,N,гаа,suffix,"('ядрах', '#гаа')"
залбирах,залбирал,V,N,л,suffix,"('залбирах', '#л')"
сульдах,сульдаа,V,N,аа,suffix,"('сульдах', '#аа')"
сул,сулрах,J,V,рах,suffix,"('сул', '#рах')"
шинэ,шинэлэг,J,J,лэг,suffix,"('шинэ', '#лэг')"
шинэ,шинэхэн,J,J,хэн,suffix,"('шинэ', '#хэн')"
сурах,сургах,V,V,гах,suffix,"('сурах', '#гах')"
дасгалжих,дасгалжуулах,V,V,уулах,suffix,"('дасгалжих', '#уулах')"
мансуурах,мансуурал,V,N,л,suffix,"('мансуурах', '#л')"
согтох,согтолт,V,N,лт,suffix,"('согтох', '#лт')"
түгээх,түгээлт,V,N,лт,suffix,"('түгэх', '#ээх', '#лт')"
дэлгэрэх,дэлгэрүүлэх,V,V,үүлэх,suffix,"('дэлгэх', '#рэх', '#үүлэх')"
хураах,хураангуй,V,J,нгуй,suffix,"('хураах', '#нгуй')"
товчлох,товчлол,V,N,л,suffix,"('товч', '#лох', '#л')"
зураглах,зураглал,V,N,л,suffix,"('зураглах', '#л')"
будах,будаг,V,N,г,suffix,"('будах', '#г')"
эргэх,эргүү,V,J,үү,suffix,"('эргэх', '#үү')"
илчлэх,илчлэлт,V,N,лт,suffix,"('ил', '#члэх', '#лт')"
намин,наминчлах,J,V,члах,suffix,"('намин', '#члах')"
ил,илчлэх,J,V,члэх,suffix,"('ил', '#члэх')"
наманчлах,наманчлал,V,N,л,suffix,"('наманчлах', '#л')"
өчих,өчил,V,N,л,suffix,"('өчих', '#л')"
асуух,асуулга,V,N,лга,suffix,"('асуух', '#лга')"
хөдөлгөх,хөдөлгөөн,V,N,өөн,suffix,"('хөдөлөх', '#гөх', '#өөн')"
нүүх,нүүдэл,V,N,дэл,suffix,"('нүүх', '#дэл')"
эсэх,эслэг,V,N,лэг,suffix,"('эсэх', '#лэг')"
турших,туршлага,V,N,лага,suffix,"('турших', '#лага')"
дадах,дадлага,V,N,лага,suffix,"('дадах', '#лага')"
сэтгүүл,сэтгүүлч,N,N,ч,suffix,"('сэтгүүл', '#ч')"
шүүх,шүүгч,V,N,гч,suffix,"('шүүх', '#гч')"
шимтгэх,шимтгэл,V,N,л,suffix,"('шимтгэх', '#л')"
аялах,аялал,V,N,л,suffix,"('аян', '#лах', '#л')"
зугаалах,зугаалга,V,N,га,suffix,"('зугаалах', '#га')"
хууль,хуульч,N,N,ч,suffix,"('хууль', '#ч')"
уурга,уургалах,N,V,лах,suffix,"('уурга', '#лах')"
үржих,үржүүлэх,V,V,үүлэх,suffix,"('үржих', '#үүлэх')"
ургах,ургуулах,V,V,уулах,suffix,"('ургах', '#уулах')"
бухимдах,бухимдал,V,N,л,suffix,"('бухимдах', '#л')"
шүүлт,шүүлтүүр,N,N,үүр,suffix,"('шүүх', '#лт', '#үүр')"
жагсах,жагсаал,V,N,аал,suffix,"('жагсах', '#аал')"
хатуу,хатуурах,J,V,рах,suffix,"('хатуу', '#рах')"
хөвчрөх,хөвчрөл,V,N,л,suffix,"('хөвч', '#рөх', '#л')"
хөвч,хөвчрөх,N,V,рөх,suffix,"('хөвч', '#рөх')"
чанга,чангарах,J,V,рах,suffix,"('чанга', '#рах')"
хүсэх,хүсэл,V,N,л,suffix,"('хүсэх', '#л')"
өлсөх,өлсгөлөн,V,J,гөлөн,suffix,"('өлсөх', '#гөлөн')"
гүйх,гүйлт,V,N,лт,suffix,"('гүйх', '#лт')"
чулуу,чулуудах,N,V,дах,suffix,"('чулуу', '#дах')"
гуйвах,гуйвуулах,V,V,уулах,suffix,"('гуйвах', '#уулах')"
цэлийх,цэлийсэн,V,J,сэн,suffix,"('цэлийх', '#сэн')"
саад,саадгүй,N,J,гүй,suffix,"('саад', '#гүй')"
бартаа,бартаагүй,N,J,гүй,suffix,"('бартаа', '#гүй')"
сайн,сайтай,J,J,тай,suffix,"('сайн', '#тай')"
тэнэх,тэнүүл,V,N,үүл,suffix,"('тэнэх', '#үүл')"
ажиллах,ажилчин,V,N,чин,suffix,"('ажил', '#лах', '#чин')"
үргүйдэх,үргүйдэл,V,N,л,suffix,"('үргүйдэх', '#л')"
жирэмслэдэг,жирэмслэдэггүй,V,J,гүй,suffix,"('жирэмслэдэг', '#гүй')"
асуух,асуудал,V,N,дал,suffix,"('асуух', '#дал')"
хөтлөх,хөтөлбөр,V,N,бөр,suffix,"('хөтлөх', '#бөр')"
таслах,тасалбар,V,N,бар,suffix,"('таслах', '#бар')"
нэг,нэгдүгээр,N,N,дүгээр,suffix,"('нэг', '#дүгээр')"
найр,найртай,N,J,тай,suffix,"('найр', '#тай')"
шор,шорлох,N,V,лох,suffix,"('шор', '#лох')"
сүлбээр,сүлбээрдэх,N,V,дэх,suffix,"('сүлбээр', '#дэх')"
нисэх,нислэг,V,N,лэг,suffix,"('нисэх', '#лэг')"
цэвэр,цэвэрхэн,J,J,хэн,suffix,"('цэвэр', '#хэн')"
нэвт,нэвтрэх,J,V,рэх,suffix,"('нэвт', '#рэх')"
дайрах,дайралт,V,N,лт,suffix,"('дайрах', '#лт')"
довтлох,довтолгоо,V,N,лгоо,suffix,"('довтлох', '#лгоо')"
хулгай,хулгайлах,N,V,лах,suffix,"('хулгай', '#лах')"
барьцаа,барьцаалах,N,V,лах,suffix,"('барьцаа', '#лах')"
ойлгомж,ойлгомжгүй,N,J,гүй,suffix,"('ойлгомж', '#гүй')"
бүрхэх,бүрхэг,V,N,г,suffix,"('бүрхэх', '#г')"
өмгөөлөх,өмгөөлөгч,V,N,гч,suffix,"('өмгөөлөх', '#гч')"
сурах,сурагч,V,N,гч,suffix,"('сурах', '#гч')"
илтгэх,илтгэгч,V,N,гч,suffix,"('илтгэх', '#гч')"
эргэх,эргэлт,V,N,лт,suffix,"('эргэх', '#лт')"
тасрах,тасархай,V,N,хай,suffix,"('тасрах', '#хай')"
үнэн,үнэхээр,N,J,хээр,suffix,"('үнэн', '#хээр')"
муу,муухай,J,J,хай,suffix,"('муу', '#хай')"
цочирдох,цочирдмоор,V,J,моор,suffix,"('цочирдох', '#моор')"
эв,эвгүй,N,J,гүй,suffix,"('эв', '#гүй')"
айх,аймаар,V,J,маар,suffix,"('айх', '#маар')"
худал,худалч,J,N,ч,suffix,"('худал', '#ч')"
түшиг,түшиглэх,N,V,лэх,suffix,"('түших', '#г', '#лэх')"
тээх,тээвэр,V,N,вэр,suffix,"('тээх', '#вэр')"
цочрох,цочрол,N,V,л,suffix,"('цочрох', '#л')"
шидэх,шидэлт,V,N,лт,suffix,"('шидэх', '#лт')"
хаях,хаялт,V,N,лт,suffix,"('хаях', '#лт')"
мөрдөх,мөрдөлт,V,N,лт,suffix,"('мөр', '#дөх', '#лт')"
мөрдөх,мөрдлөг,V,N,лөг,suffix,"('мөр', '#дөх', '#лөг')"
тарих,тарилга,V,N,лга,suffix,"('тарих', '#лга')"
таамаг,таамаглах,N,V,лах,suffix,"('таамаг', '#лах')"
баримжаа,баримжаалах,J,V,лах,suffix,"('баримжаа', '#лах')"
багцаа,багцаалах,N,V,лах,suffix,"('багцаа', '#лах')"
дамжих,дамжуулах,V,V,уулах,suffix,"('дамжих', '#уулах')"
нэмэгдэх,нэмэгдэлт,V,N,лт,suffix,"('нэмэх', '#гдэх ', '#лт')"
хөөрөх,хөөрөлт,V,N,лт,suffix,"('хөөрөх', '#лт')"
өсөх,өсөлт,V,N,лт,suffix,"('өсөх', '#лт')"
зүй,зүйтэй,J,J,тэй,suffix,"('зүй', '#тэй')"
нүх,нүхлэх,N,V,лэх,suffix,"('нүх', '#лэх')"
хурдатгах,хурдатгал,V,N,л,suffix,"('хурдатгах', '#л')"
хурдасгах,хурдасгал,V,N,л,suffix,"('хурдасгах', '#л')"
хурдасгах,хурдасгагч,V,N,гч,suffix,"('хурдасгах', '#гч')"
худалдах,худалдаа,V,N,аа,suffix,"('худалдах', '#аа')"
арилжах,арилжаа,V,N,аа,suffix,"('арилжах', '#аа')"
ялагдах,ялагдагч,V,N,гч,suffix,"('ялагдах', '#гч')"
түлээ,түлээчин,N,N,чин,suffix,"('түлээ', '#чин')"
хуй,хуйлах,N,V,лах,suffix,"('хуй', '#лах')"
нээлт,нээлттэй,N,J,тэй,suffix,"('нээх', '#лт', '#тэй')"
илбэ,илбэчин,N,N,чин,suffix,"('илбэ', '#чин')"
нууц,нууцлаг,N,J,лаг,suffix,"('нуух', '#ц', '#лаг')"
 бүтээх,бүтээл,V,N,л,suffix,"(' бүтээх', '#л')"
үйлдвэрлэх,үйлдвэрлэл,V,N,л,suffix,"('үйл', '#дэх', '#вэр', '#лэх', '#л')"
шуудан,шууданч,N,N,ч,suffix,"('шуудан', '#ч')"
зөрчих,зөрчигч,V,N,гч,suffix,"('зөрчих', '#гч')"
хатгах,хатгуулах,V,V,уулах,suffix,"('хатгах', '#уулах')"
барьцах,барьцалдах,V,V,лдах,suffix,"('барьцах', '#лдах')"
мөргөл,мөргөлдөх,N,V,дөх,suffix,"('мөргөх', '#л', '#дөх')"
завхрах,завхрал,V,N,л,suffix,"('завхрах', '#л')"
бичих,бичээч,V,N,ээч,suffix,"('бичих', '#ээч')"
үйлдвэрлэх,үйлдвэрлэгч,V,N,гч,suffix,"('үйл', '#дэх', '#вэр', '#лэх', '#гч')"
хөнгөлөх,хөнгөлөлт,V,N,лт,suffix,"('хөнгөн', '#лөх', '#лт')"
хөнгөн,хөнгөлөх,J,V,лөх,suffix,"('хөнгөн', '#лөх')"
багасах,багасгах,V,V,гах,suffix,"('багасах', '#гах')"
овоо,овоолох,N,V,лох,suffix,"('овоо', '#лох')"
давхар,давхарлах,N,V,лах,suffix,"('давхар', '#лах')"
унжих,унжлага,V,N,лага,suffix,"('унжих', '#лага')"
баригдах,баригдашгүй,V,J,шгүй,suffix,"('баригдах', '#шгүй')"
ур,уран,N,J,н,suffix,"('ур', '#н')"
тарах,тараах,V,V,аах,suffix,"('тарах', '#аах')"
анги,ангилах,N,V,лах,suffix,"('анги', '#лах')"
хуваарь,хуваарилах,N,V,лах,suffix,"('хуваарь', '#лах')"
төлөв,төлөвлөх,N,V,лөх,suffix,"('төлөв', '#лөх')"
түгэх,түгээх,V,V,ээх,suffix,"('түгэх', '#ээх')"
жижгэрэх,жижгэрүүлэх,V,V,үүлэх,suffix,"('жижгэрэх', '#үүлэх')"
хэрэглэх,хэрэглээ,V,N,ээ,suffix,"('хэрэглэх', '#ээ')"
эдлэх,эдэлгээ,V,N,гээ,suffix,"('эдлэх', '#гээ')"
биелэх,биелэлт,V,N,лт,suffix,"('биелэх', '#лт')"
хэрэгжих,хэрэгжилт,V,N,лт,suffix,"('хэрэгжих', '#лт')"
далай,далайчин,N,N,чин,suffix,"('далай', '#чин')"
агшаах,агшаалт,V,N,лт,suffix,"('агшаах', '#лт')"
илэрхийлэх,илэрхийлэл,V,N,л,suffix,"('илэрхий', '#лэх', '#л')"
тайрах,тайралт,V,N,лт,suffix,"('тайрах', '#лт')"
бариа,бариач,N,N,ч,suffix,"('бариа', '#ч')"
илэх,илээч,V,N,ээч,suffix,"('илэх', '#ээч')"
жижиг,жижигсгэх,J,V,сгэх,suffix,"('жижиг', '#сгэх')"
жижиг,жижигсэх,J,V,сэх,suffix,"('жижиг', '#сэх')"
суутгах,суутгал,V,N,л,suffix,"('суутгах', '#л')"
хямдрах,хямдруулах,V,V,уулах,suffix,"('хямдрах', '#уулах')"
хямдрах,хямдрал,V,N,л,suffix,"('хямдрах', '#л')"
зуучлах,зуучлагч,V,N,гч,suffix,"('зуучлах', '#гч')"
шингэн,шингэлэх,N,V,лэх,suffix,"('шингэн', '#лэх')"
математик,математикч,N,N,ч,suffix,"('математик', '#ч')"
өсөх,өсгөх,V,V,гөх,suffix,"('өсөх', '#гөх')"
нэмэгдэх,нэмэгдүүлэх,V,V,үүлэх,suffix,"('нэмэх', '#гдэх ', '#үүлэх')"
бадрах,бадраах,V,V,аах,suffix,"('бадрах', '#аах')"
идэвхжих,идэвхжүүлэх,V,V,үүлэх,suffix,"('идэвхжих', '#үүлэх')"
ихсэх,ихэсгэх,V,V,гэх,suffix,"('их', '#сэх', '#гэх')"
томсох,томосгох,V,V,гох,suffix,"('томсох', '#гох')"
өсгөх,өсгөлт,V,N,лт,suffix,"('өсөх', '#гөх', '#лт')"
томруулах,томруулалт,V,N,лт,suffix,"('томруулах', '#лт')"
медаль,медальтан,N,N,тан,suffix,"('медаль', '#тан')"
шүрших,шүршигч,V,N,гч,suffix,"('шүрших', '#гч')"
шүрших,шүршилт,V,N,лт,suffix,"('шүрших', '#лт')"
дөхөх,дөхүү,V,J,үү,suffix,"('дөхөх', '#үү')"
төс,төстэй,N,J,тэй,suffix,"('төс', '#тэй')"
гал,галлах,N,V,лах,suffix,"('гал', '#лах')"
буу,буудах,N,V,дах,suffix,"('буу', '#дах')"
дүүжлэх,дүүжлүүр,V,N,үүр,suffix,"('дүүжлэх', '#үүр')"
зүүх,зүүлт,V,N,лт,suffix,"('зүүх', '#лт')"
нөөц,нөөцлөх,N,V,лөх,suffix,"('нөөх', '#ц', '#лөх')"
агуу,агуулах,N,V,лах,suffix,"('агуу', '#лах')"
хүрээ,хүрээлэх,N,V,лэх,suffix,"('хүрээ', '#лэх')"
даамжрах,даамжрал,V,N,л,suffix,"('даамжрах', '#л')"
засварлах,засварлагч,V,N,гч,suffix,"('засах', '#вар', '#лах', '#гч')"
дэлбэрэх,дэлбэрэлт,V,N,лт,suffix,"('дэлбэрэх', '#лт')"
тэсрэх,тэсрэлт,V,N,лт,suffix,"('тэсрэх', '#лт')"
ажил,ажиллах,N,V,лах,suffix,"('ажил', '#лах')"
шатах,шаталт,V,N,лт,suffix,"('шатах', '#лт')"
эвсэх,эвсэл,V,N,л,suffix,"('эвсэх', '#л')"
нийгэм,нийгэмлэг,N,N,лэг,suffix,"('нийгэм', '#лэг')"
будилах,будлиан,V,N,аан,suffix,"('будилах', '#аан')"
төөрөлдөх,төөрөлдөл,V,N,л,suffix,"('төөрөлдөх', '#л')"
төөрөгдөх,төөрөгдөл,V,N,л,suffix,"('төөрөгдөх', '#л')"
зохицох,зохицол,V,N,л,suffix,"('зохих', '#цох', '#л')"
нийлэх,нийлмэл,V,J,л,suffix,"('нийлэх', '#л')"
холих,холимог,V,N,мог,suffix,"('холих', '#мог')"
таарах,таарамж,V,N,мж,suffix,"('таарах', '#мж')"
суух,суулгах,V,V,лгах,suffix,"('суух', '#лгах')"
үүр,үүрлэх,N,N,лэх,suffix,"('үүр', '#лэх')"
нээх,нээлт,V,N,лт,suffix,"('нээх', '#лт')"
хагацах,хагацал,V,N,л,suffix,"('хагацах', '#л')"
холдох,холдолт,V,N,лт,suffix,"('хол', '#дох', '#лт')"
салах,салалт,V,N,лт,suffix,"('салах', '#лт')"
найдвар,найдваргүй,N,J,гүй,suffix,"('найдвар', '#гүй')"
итгэл,итгэлгүй,N,J,гүй,suffix,"('итгэл', '#гүй')"
саатах,саатуулах,V,V,уулах,suffix,"('саатах', '#уулах')"
шог,шоглох,N,V,лох,suffix,"('шог', '#лох')"
сарних,сарнил,V,N,л,suffix,"('сарних', '#л')"
хуваагдах,хуваагдал,V,N,л,suffix,"('хуваагдах', '#л')"
цэгц,цэгцлэх,N,V,лэх,suffix,"('цэгц', '#лэх')"
уурхай,уурхайчин,N,N,чин,suffix,"('уурхай', '#чин')"
ир,иртэй,N,J,тэй,suffix,"('ир', '#тэй')"
хэвлэх,хэвлэл,V,N,л,suffix,"('хэв', '#лэх', '#л')"
өө,өөгүй,N,J,гүй,suffix,"('өө', '#гүй')"
багтрах,багтраа,V,N,аа,suffix,"('багтрах', '#аа')"
хөтлөх,хөтлөгч,V,N,гч,suffix,"('хөтлөх', '#гч')"
ангилах,ангилал,V,N,л,suffix,"('анги', '#лах', '#л')"
хувирал,хувиралгүй,N,J,гүй,suffix,"('хувирах', '#л', '#гүй')"
ондоо,ондооших,N,V,ших,suffix,"('ондоо', '#ших')"
дүүргэх,дүүргэлт,V,N,лт,suffix,"('дүүрэх', '#гэх', '#лт')"
хангах,хангалт,V,N,лт,suffix,"('хангах', '#лт')"
заль,зальтай,N,J,тай,suffix,"('заль', '#тай')"
заль,зальжин,N,J,жин,suffix,"('заль', '#жин')"
гэмтэх,гэмтэл,V,N,л,suffix,"('гэмтэх', '#л')"
эвдэх,эвдэлт,V,N,лт,suffix,"('эвдэх', '#лт')"
сүйтгэх,сүйтгэлт,V,N,лт,suffix,"('сүйтгэх', '#лт')"
сургах,сургамж,V,N,мж,suffix,"('сурах', '#гах', '#мж')"
харьяалал,харьяалалгүй,N,J,гүй,suffix,"('харьяалал', '#гүй')"
алуур,алуурчин,N,N,чин,suffix,"('алуур', '#чин')"
дадах,дадал,V,N,л,suffix,"('дадах', '#л')"
зурших,зуршил,V,N,л,suffix,"('зурших', '#л')"
захирах,захиргаа,V,N,гаа,suffix,"('захирах', '#гаа')"
сөнөх,сөнөөх,V,V,өөх,suffix,"('сөнөх', '#өөх')"
сүйд,сүйдлэх,J,V,лэх,suffix,"('сүйд', '#лэх')"
унах,унагах,V,V,гах,suffix,"('унах', '#гах')"
дэлбэ,дэлбэлэх,J,V,лэх,suffix,"('дэлбэ', '#лэх')"
төгсөх,төгсөгч,V,N,гч,suffix,"('төгсөх', '#гч')"
тэврэх,тэврэлт,V,N,лт,suffix,"('тэврэх', '#лт')"
мөлжих,мөлжлөг,V,N,лөг,suffix,"('мөлжих', '#лөг')"
унтарах,унтраах,V,V,аах,suffix,"('унтарах', '#аах')"
дарамт,дарамтлах,N,V,лах,suffix,"('дарамт', '#лах')"
дүрслэх,дүрслэл,V,N,л,suffix,"('дүрс', '#лэх', '#л')"
суурилах,суурилуулах,V,V,уулах,suffix,"('суурилах', '#уулах')"
тоног,тоноглох,N,V,лох,suffix,"('тоног', '#лох')"
шүтлэг,шүтлэгтэй,N,J,тэй,suffix,"('шүтлэг', '#тэй')"
хүндэтгэл,хүндэтгэлтэй,N,J,тэй,suffix,"('хүндэт', '#гэх', '#л', '#тэй')"
бишрэл,бишрэлтэй,N,J,тэй,suffix,"('бишрэл', '#тэй')"
сүжиг,сүжигтэй,N,J,тэй,suffix,"('сүжиг', '#тэй')"
бэлчих,бэлчээх,V,V,ээх,suffix,"('бэлчих', '#ээх')"
хөгжил,хөгжилтэй,N,J,тэй,suffix,"('хөгжил', '#тэй')"
зугаа,зугаатай,N,J,тай,suffix,"('зугаа', '#тай')"
сонирхох,сонирхол,V,N,л,suffix,"('сонирхох', '#л')"
наадах,наадгай,V,N,гай,suffix,"('наадах', '#гай')"
оролцох,оролцуулах,V,V,уулах,suffix,"('орох', '#лцох', '#уулах')"
хамаарах,хамааруулах,V,V,уулах,suffix,"('хамаарах', '#уулах')"
урагшлах,урагшлуулах,V,V,уулах,suffix,"('урагшлах', '#уулах')"
мэдэгдэх,мэдэгдэл,V,N,л,suffix,"('мэдэх', '#гдэх', '#л')"
даруу,даруухан,J,J,хан,suffix,"('даруу', '#хан')"
гашуудах,гашуудал,V,N,л,suffix,"('гашуудах', '#л')"
эмгэнэх,эмгэнэл,V,N,л,suffix,"('эмгэнэх', '#л')"
зав,завгүй,N,J,гүй,suffix,"('зав', '#гүй')"
мэдээлэх,мэдээлэл,V,N,л,suffix,"('мэдээ', '#лэх', '#л')"
давтах,давталт,V,N,лт,suffix,"('давтах', '#лт')"
дахих,дахилт,V,N,лт,suffix,"('дахих', '#лт')"
гэлэн,гэлэнмаа,N,N,маа,suffix,"('гэлэн', '#маа')"
санаанд,санаандгүй,J,J,гүй,suffix,"('санаанд', '#гүй')"
санамсар,санамсаргүй,N,J,гүй,suffix,"('санамсар', '#гүй')"
хянах,хянагч,V,N,гч,suffix,"('хянах', '#гч')"
ажиглах,ажиглагч,V,N,гч,suffix,"('ажиг', '#лах', '#гч')"
судлах,судлагч,V,N,гч,suffix,"('судлах', '#гч')"
сам,самнах,N,V,нах,suffix,"('сам', '#нах')"
бичих,бичилт,V,N,лт,suffix,"('бичих', '#лт')"
үзэсгэлэн,үзэсгэлэнтэй,J,J,тэй,suffix,"('үзэх', '#сгэлэн', '#тэй')"
баяр,баярлах,N,J,лах,suffix,"('баяр', '#лах')"
таа,таагүй,N,J,гүй,suffix,"('таа', '#гүй')"
бөглөрөх,бөглөрөл,V,N,л,suffix,"('бөглөрөх', '#л')"
саатах,саатал,V,N,л,suffix,"('саатах', '#л')"
түгжрэх,түгжрэл,V,N,л,suffix,"('түгжрэх', '#л')"
тэмдэглэх,тэмдэглэгээ,V,N,гээ,suffix,"('тэмдэг', '#лэх', '#гээ')"
ангуучлах,ангуучлал,V,N,л,suffix,"('ангууч', '#лах', '#л')"
сайшаах,сайшаамаар,V,J,маар,suffix,"('сайн', '#шаах', '#маар')"
биширэх,биширмээр,V,J,мээр,suffix,"('биширэх', '#мээр')"
магтууш,магтууштай,N,J,тай,suffix,"('магтууш', '#тай')"
гайхах,гайхмаар,V,J,маар,suffix,"('гайхах', '#маар')"
үзэх,үзэгч,V,N,гч,suffix,"('үзэх', '#гч')"
сонирхох,сохирхогч,V,N,гч,suffix,"('сонирхох', '#гч')"
загасчлах,загасчлал,V,N,л,suffix,"('загас', '#члах', '#л')"
амар,амархан,J,J,хан,suffix,"('амар', '#хан')"
шархлах,шархлаа,V,N,аа,suffix,"('шархлах', '#аа')"
батжих,батжилт,V,N,лт,suffix,"('батжих', '#лт')"
бэхжих,бэхжилт,V,N,лт,suffix,"('бэхжих', '#лт')"
залуурдах,залуурдагч,V,N,гч,suffix,"('залуурдах', '#гч')"
жолоо,жолооч,N,N,ч,suffix,"('жолоо', '#ч')"
долигонох,долигонуур,V,J,уур,suffix,"('долигонох', '#уур')"
савах,савчих,V,V,чих,suffix,"('савах', '#чих')"
барих,бариул,V,N,уул,suffix,"('барих', '#уул')"
захиалах,захиалагч,V,N,гч,suffix,"('захиалах', '#гч')"
довтлогоо,довтлогоон,N,N,н,suffix,"('довтлогоо', '#н')"
гэгээ,гэгээтэй,N,J,тэй,suffix,"('гэгээ', '#тэй')"
гэрэл,гэрэлтэй,N,J,тэй,suffix,"('гэрэл', '#тэй')"
барзайх,барзгар,V,J,гар,suffix,"('барзайх', '#гар')"
ачаа,ачаалах,N,V,лах,suffix,"('ачаа', '#лах')"
ноогдох,ноогдол,V,N,л,suffix,"('ноогдох', '#л')"
зурах,зураач,V,N,аач,suffix,"('зурах', '#аач')"
танилцах,танилцуулах,V,V,уулах,suffix,"('танилцах', '#уулах')"
зохис,зохисгүй,N,J,гүй,suffix,"('зохис', '#гүй')"
мэргэжил,мэргэжилтэн,N,N,тэн,suffix,"('мэргэжих', '#л', '#тэн')"
гуйлга,гуйлгачин,N,N,чин,suffix,"('гуйх', '#лга', '#чин')"
боломж,боломжгүй,N,J,гүй,suffix,"('болох', '#мж', '#гүй')"
тэгшлэх,тэгшлэлт,V,N,лт,suffix,"('тэгш', '#лэх', '#лт')"
тэнцүүлэх,тэнцүүлэлт,V,N,лт,suffix,"('тэнцүүлэх', '#лт')"
адилтгах,адилтгал,V,N,л,suffix,"('адилтгах', '#л')"
тэнцэтгэх,тэнцэтгэл,V,N,л,suffix,"('тэнцэтгэх', '#л')"
тэгшитгэх,тэгшитгэл,V,N,л,suffix,"('тэгшитгэх', '#л')"
билүү,билүүдэх,N,V,дэх,suffix,"('билүү', '#дэх')"
зөвлөх,зөвлөгөө,V,N,гөө,suffix,"('зөвлөх', '#гөө')"
дуулах,дуулга,V,N,га,suffix,"('дуу', '#лах', '#га')"
сануулах,сануулга,V,J,га,suffix,"('сануулах', '#га')"
сэрэмжлүүлэх,сэрэмжлүүлэг,V,N,г,suffix,"('сэрэмжлүүлэх', '#г')"
анхааруулах,анхааруулга,V,N,лга,suffix,"('анхааруулах', '#лга')"
түүвэр,түүвэрлэх,N,V,лэх,suffix,"('түүвэр', '#лэх')"
жиших,жишиг,V,N,г,suffix,"('жиших', '#г')"
жиших,жишээ,V,N,ээ,suffix,"('жиших', '#ээ')"
нуух,нууц,V,N,ц,suffix,"('нуух', '#ц')"
үлдэх,үлдээх,V,V,ээх,suffix,"('үлдэх', '#ээх')"
хүрэх,хүргэх,V,V,гэх,suffix,"('хүрэх', '#гэх')"
хамтрах,хамтрагч,V,N,гч,suffix,"('хамтрах', '#гч')"
нөлөө,нөлөөтэй,N,J,тэй,suffix,"('нөлөө', '#тэй')"
зорчих,зорчигч,V,N,гч,suffix,"('зорчих', '#гч')"
санаа,санаачлах,N,V,чилах,suffix,"('санах', '#аа', '#чилах')"
залах,залуур,V,N,уур,suffix,"('залах', '#уур')"
сурвалжлах,сурвалжлага,V,N,га,suffix,"('сурвалжлах', '#га')"
анх,анхлах,J,V,лах,suffix,"('анх', '#лах')"
урамшуулах,урамшуулал,V,N,л,suffix,"('урамшуулах', '#л')"
өдөх,өдөөх,V,V,өөх,suffix,"('өдөх', '#өөх')"
сэдэх,сэдэгч,V,N,гч,suffix,"('сэдэх', '#гч')"
эхлэх,эхлүүлэх,V,V,үүлэх,suffix,"('эхлэх', '#үүлэх')"
амьдчилах,амьдчилал,V,N,л,suffix,"('амьдчилах', '#л')"
хүнчлэх,хүнчлэл,V,N,л,suffix,"('хүнчлэх', '#л')"
хүншүүлэх,хүншүүлэлт,V,N,лт,suffix,"('хүншүүлэх', '#лт')"
жимс,жимслэх,N,V,лэх,suffix,"('жимс', '#лэх')"
үүсэх,үүсгэх,V,V,гэх,suffix,"('үүсэх', '#гэх')"
сайн,сайшаах,J,V,шаах,suffix,"('сайн', '#шаах')"
магтах,магтаал,V,N,аал,suffix,"('магтах', '#аал')"
сайшаах,сайшаал,V,N,л,suffix,"('сайн', '#шаах', '#л')"
бялдуучлах,бялдуучлал,V,N,л,suffix,"('бялдуучлах', '#л')"
бялдуу,бялдууч,N,N,ч,suffix,"('бялдуу', '#ч')"
долгинох,долгинуур,V,N,уур,suffix,"('долгинох', '#уур')"
гачих,гачигдах,V,V,гдах,suffix,"('гачих', '#гдах')"
байх,байхгүй,V,J,гүй,suffix,"('байх', '#гүй')"
шан,шагнах,N,V,нах,suffix,"('шан', '#нах')"
цоорох,цоорхой,V,N,ой,suffix,"('цоорох', '#ой')"
философи,философич,N,N,ч,suffix,"('философи', '#ч')"
үнэн,үнэнч,J,J,ч,suffix,"('үнэн', '#ч')"
мөргөл,мөргөлчин,N,N,чин,suffix,"('мөргөх', '#л', '#чин')"
түших,түшиг,V,J,г,suffix,"('түших', '#г')"
эгэлдэр,эгэлдэрлэх,N,V,лэх,suffix,"('эгэлдэр', '#лэх')"
нисгэх,нисгэгч,V,N,гч,suffix,"('нисэх', '#гэх', '#гч')"
орлох,орлогч,V,N,гч,suffix,"('орлох', '#гч')"
анх,анхдагч,J,N,дагч,suffix,"('анх', '#дагч')"
хошуучлах,хошуучлагч,V,N,гч,suffix,"('хошуучлах', '#гч')"
манлайлах,манлайлагч,V,N,гч,suffix,"('манлай', '#лах', '#гч')"
чагнах,чагнаал,V,N,аал,suffix,"('чагнах', '#аал')"
нэхэмжлэх,нэхэмжлэгч,V,N,гч,suffix,"('нэхэмжлэх', '#гч')"
дон,донтон,N,N,тон,suffix,"('дон', '#тон')"
тамир,тамирчин,N,N,чин,suffix,"('тамир', '#чин')"
тоглох,тоглогч,V,N,гч,suffix,"('тоглох', '#гч')"
эмнэх,эмнэлэг,V,N,лэг,suffix,"('эмнэх', '#лэг')"
зол,золгүй,N,J,гүй,suffix,"('зол', '#гүй')"
хувь,хувьгүй,N,J,гүй,suffix,"('хувь', '#гүй')"
шим,шимтэй,N,J,тэй,suffix,"('шим', '#тэй')"
ашиг,ашигтай,N,J,тай,suffix,"('ашиг', '#тай')"
тус,тустай,N,J,тай,suffix,"('тус', '#тай')"
дүүрэх,дүүрэн,V,J,н,suffix,"('дүүрэх', '#н')"
зэмлэх,зэмлэл,V,N,л,suffix,"('зэмлэх', '#л')"
шүлэг,шүлэгч,N,N,ч,suffix,"('шүлэг', '#ч')"
дадлага,дадлагагүй,N,J,гүй,suffix,"('дадах', '#лага', '#гүй')"
барагтай,барагтайхан,J,J,хан,suffix,"('барагтай', '#хан')"
хангалт,хангалтгүй,N,J,гүй,suffix,"('хангах', '#лт', '#гүй')"
туршлага,туршлагагүй,N,J,гүй,suffix,"('турших', '#лага', '#гүй')"
дуль,дульхан,J,J,хан,suffix,"('дуль', '#хан')"
тааруу,тааруухан,J,J,хан,suffix,"('тааруу', '#хан')"
цагдах,цагдаа,V,N,аа,suffix,"('цагдах', '#аа')"
орох,оромж,V,N,мж,suffix,"('орох', '#мж')"
доромжлох,доромжлол,V,N,л,suffix,"('доромжлох', '#л')"
басамжлах,басамжлал,V,N,л,suffix,"('басамжлах', '#л')"
даажигнах,даажигнал,V,N,л,suffix,"('даажин', '#гнах', '#л')"
тохуурхах,тохуурхал,V,N,л,suffix,"('тохуурхах', '#л')"
инээх,инээдэм,V,N,дэм,suffix,"('инээх', '#дэм')"
жигших,жигшил,V,N,л,suffix,"('жигших', '#л')"
дургүйцэх,дургүйцэл,V,N,л,suffix,"('дургүй', '#цэх', '#л')"
зэвүүцэх,зэвүүцэл,V,N,л,suffix,"('зэвүү', '#цэх', '#л')"
судлах,судлаач,V,N,аач,suffix,"('судлах', '#аач')"
шинжих,шинжээч,V,N,ээч,suffix,"('шинжих', '#ээч')"
хаших,хашилт,V,N,лт,suffix,"('хаших', '#лт')"
гүжирдлэх,гүжирдлэг,V,N,г,suffix,"('гүжирдлэх', '#г')"
нийтлэх,нийтлэл,V,N,л,suffix,"('нийтлэх', '#л')"
хавчих,хавчуулах,V,V,уулах,suffix,"('хавчих', '#уулах')"
тэгш,тэгшхэн,J,J,хэн,suffix,"('тэгш', '#хэн')"
зарлах,зарлал,V,N,л,suffix,"('зарлах', '#л')"
тунхаглах,тунхаглал,V,N,л,suffix,"('тунхаглах', '#л')"
баярлах,баярлуулах,V,V,уулах,suffix,"('баяр', '#лах', '#уулах')"
илэрхий,илэрхийлэх,N,V,лэх,suffix,"('илэрхий', '#лэх')"
бэлгэ,бэлгэдэх,N,V,дэх,suffix,"('бэлгэ', '#дэх')"
хүн,хүнгүй,N,J,гүй,suffix,"('хүн', '#гүй')"
дэлгэх,дэлгэрэх,V,V,рэх,suffix,"('дэлгэх', '#рэх')"
ваар,ваарчин,N,N,чин,suffix,"('ваар', '#чин')"
засаг,засаглах,N,N,лах,suffix,"('засаг', '#лах')"
үйлдэх,үйлдэл,V,N,л,suffix,"('үйл', '#дэх', '#л')"
битүүлэх,битүүлэг,V,N,г,suffix,"('битүүлэх', '#г')"
мэдүүлэх,мэдүүлэг,V,N,г,suffix,"('мэдүүлэх', '#г')"
сүрдүүлэх,сүрдүүлэг,V,N,г,suffix,"('сүр', '#дэх', '#үүлэх', '#г')"
заналхийлэх,заналхийлэл,V,N,л,suffix,"('заналхийлэх', '#л')"
хөг,хөгжим,N,N,жим,suffix,"('хөг', '#жим')"
бяцрах,бяцралт,V,N,лт,suffix,"('бяцрах', '#лт')"
хөхрөх,хөхрөлт,V,N,лт,suffix,"('хөхрөх', '#лт')"
хэрэгсэх,хэрэгсэл,V,N,л,suffix,"('хэрэгсэх', '#л')"
онгирох,онгироо,V,J,оо,suffix,"('онгирох', '#оо')"
шатаах,шатаагч,V,N,гч,suffix,"('шатах', '#аах', '#гч')"
мултрах,мултрал,V,N,л,suffix,"('мултрах', '#л')"
шалтаг,шалтгаан,N,N,аан,suffix,"('шалтаг', '#аан')"
үндэслэх,үндэслэл,V,N,л,suffix,"('үндэслэх', '#л')"
өрсөлдөх,өрсөлдөөн,V,N,өөн,suffix,"('өрсөлдөх', '#өөн')"
амь,амьтай,N,J,тай,suffix,"('амь', '#тай')"
бутрах,бутраах,V,V,аах,suffix,"('бутрах', '#аах')"
завхай,завхайрах,V,J,рах,suffix,"('завхай', '#рах')"
тодорхойлох,тодорхойлолт,V,N,лт,suffix,"('тод', '#рох', '#хой', '#лох', '#лт')"
гайхшрах,гайхашрал,V,N,л,suffix,"('гайхшрах', '#л')"
дэг,дэггүй,N,J,гүй,suffix,"('дэг', '#гүй')"
сахилга,сахилгагүй,N,J,гүй,suffix,"('сахилга', '#гүй')"
томоо,томоогүй,N,J,гүй,suffix,"('томоо', '#гүй')"
төрх,төрхгүй,N,J,гүй,suffix,"('төрх', '#гүй')"
буцах,буцалт,V,N,лт,suffix,"('буцах', '#лт')"
биелэх,биелүүлэх,V,V,үүлэх,suffix,"('биелэх', '#үүлэх')"
бэртэх,бэртэлт,V,N,лт,suffix,"('бэртэх', '#лт')"
байгуулах,байгууллага,V,N,лага,suffix,"('байгуулах', '#лага')"
бүжиг,бүжиглэх,N,V,лэх,suffix,"('бүжиг', '#лэх')"
төсөөлөх,төсөөлөл,V,N,л,suffix,"('төсөөлөх', '#л')"
таамаглах,таамаглал,V,N,л,suffix,"('таамаг', '#лах', '#л')"
хөнгөн,хөнгөмсөг,N,J,мсөг,suffix,"('хөнгөн', '#мсөг')"
хожим,хожимдох,N,V,дох,suffix,"('хожим', '#дох')"
орой,оройтох,N,V,тох,suffix,"('орой', '#тох')"
дам,дамчин,N,N,чин,suffix,"('дам', '#чин')"
программ,программч,N,N,ч,suffix,"('программ', '#ч')"
шаардах,шаардлага,V,N,лага,suffix,"('шаардах', '#лага')"
болзох,болзол,V,N,л,suffix,"('болзох', '#л')"
хөгжим,хөгжимдөх,N,V,дөх,suffix,"('хөг', '#жим', '#дөх')"
найруулах,найрууламж,V,N,мж,suffix,"('найруулах', '#мж')"
зохиох,зохиомж,V,N,мж,suffix,"('зохиох', '#мж')"
хольц,хольцгүй,N,J,гүй,suffix,"('холих', '#ц', '#гүй')"
зохиох,зохиомол,V,N,мол,suffix,"('зохиох', '#мол')"
хий,хиймэл,N,N,мэл,suffix,"('хий', '#мэл')"
дуурайх,дуураймал,V,N,мал,suffix,"('дуурайх', '#мал')"
үзэх,үзэгдэх,V,V,гдэх,suffix,"('үзэх', '#гдэх')"
ургац,ургацаг,N,N,г,suffix,"('ургах', '#ц', '#г')"
чадах,чадвар,V,N,вар,suffix,"('чадах', '#вар')"
тэмдэглэх,тэмдэглүүлэх,V,V,үүлэх,suffix,"('тэмдэг', '#лэх', '#үүлэх')"
тэмдэг,тэмдэглэх,N,V,лэх,suffix,"('тэмдэг', '#лэх')"
хуур,хуурдах,N,V,дах,suffix,"('хуур', '#дах')"
хязгаар,хязгаарлах,N,V,лах,suffix,"('хязгаар', '#лах')"
цэмцийх,цэмцгэр,V,J,гэр,suffix,"('цэмцийх', '#гэр')"
сэрүүн,сэрүүхэн,J,J,хэн,suffix,"('сэрүүн', '#хэн')"
таглах,таглаа,V,N,аа,suffix,"('таг', '#лах', '#аа')"
бөглөх,бөглөө,V,N,өө,suffix,"('бөглөх', '#өө')"
дуу,дуулах,N,V,лах,suffix,"('дуу', '#лах')"
эндэх,эндэл,V,N,л,suffix,"('эндэх', '#л')"
эндүүрэх,эндүүрэл,V,N,л,suffix,"('эндүүрэх', '#л')"
шулганах,шулганалдах,V,V,лдах,suffix,"('шулганах', '#лдах')"
эргэлзээ,эргэлзээтэй,N,J,тэй,suffix,"('эргэлзэх', '#ээ', '#тэй')"
сэжиг,сэжигтэй,N,J,тэй,suffix,"('сэжиг', '#тэй')"
жиг,жигтэй,J,J,тэй,suffix,"('жиг', '#тэй')"
өвдөх,өвдөлт,V,N,лт,suffix,"('өвдөх', '#лт')"
ганцаардах,ганцаардал,V,N,л,suffix,"('ганцаардах', '#л')"
шаналах,шаналал,V,N,л,suffix,"('шаналах', '#л')"
үйлчилэх,үйлчилгээ,V,N,гээ,suffix,"('үйлчилэх', '#гээ')"
үүрэх,үүрэг,V,N,г,suffix,"('үүрэх', '#г')"
шуугиан,шуугиантай,N,J,тай,suffix,"('шуугих', '#аан', '#тай')"
чимээ,чимээтэй,N,J,тэй,suffix,"('чимээ', '#тэй')"
үймээн,үймээнтэй,N,J,тэй,suffix,"('үймэх', '#ээн', '#тэй')"
амьжих,амьжиргаа,V,N,ргаа,suffix,"('амьжих', '#ргаа')"
бааш,бааштай,N,J,тай,suffix,"('бааш', '#тай')"
орилох,орилолдох,V,V,лдох,suffix,"('орь', '#лох', '#лдох')"
савсагнах,савсагнуур,V,N,уур,suffix,"('савсагнах', '#уур')"
хандах,хандуулах,V,V,уулах,suffix,"('хандах', '#уулах')"
индукц,индукцлэх,N,V,лэх,suffix,"('индукц', '#лэх')"
егөөдөх,егөөдөл,V,N,л,suffix,"('егөөдөх', '#л')"
ёгтлох,ёгтлол,V,N,л,suffix,"('ёгтлох', '#л')"
ёжлох,ёжлол,V,N,л,suffix,"('ёжлох', '#л')"
баривч,баривчлах,N,V,лах,suffix,"('баривч', '#лах')"
дээшлэх,дээшлүүлэх,V,V,үүлэх,suffix,"('дээш', '#лэх', '#үүлэх')"
хөгжих,хөгжүүлэх,V,V,үүлэх,suffix,"('хөгжих', '#үүлэх')"
мэргэжих,мэргэжил,V,N,л,suffix,"('мэргэжих', '#л')"
мэргэших,мэргэшил,V,N,л,suffix,"('мэргэших', '#л')"
түгшүүр,түгшүүртэй,N,J,тэй,suffix,"('түгших', '#р', '#тэй')"
тариа,тариалах,N,V,лах,suffix,"('тариа', '#лах')"
хөг,хөгтэй,N,J,тэй,suffix,"('хөг', '#тэй')"
инээд,инээдтэй,N,J,тэй,suffix,"('инээд', '#тэй')"
ухаан,ухаантай,N,J,тай,suffix,"('ухаан', '#тай')"
дунших,дуншилт,V,N,лт,suffix,"('дунших', '#лт')"
зурах,зурхай,V,N,ай,suffix,"('зурах', '#ай')"
залгах,залгаас,V,N,аас,suffix,"('залгах', '#аас')"
хэв,хэвлэх,N,V,лэх,suffix,"('хэв', '#лэх')"
ховх,ховхлох,N,V,лох,suffix,"('ховх', '#лох')"
шүүх,шүүлт,V,N,лт,suffix,"('шүүх', '#лт')"
дүрвэх,дүрвэгч,V,N,гч,suffix,"('дүрвэх', '#гч')"
дарах,даруул,V,N,уул,suffix,"('дарах', '#уул')"
товчлох,товчлуур,V,N,уур,suffix,"('товч', '#лох', '#уур')"
даяан,даяанч,N,N,ч,suffix,"('даяан', '#ч')"
засвар,засварчин,N,N,чин,suffix,"('засах', '#вар', '#чин')"
лавлах,лавлагаа,V,N,гаа,suffix,"('лавлах', '#гаа')"
төлөөлөх,төлөөлөгч,V,N,гч,suffix,"('төлөөлөх', '#гч')"
жирэлзэх,жирэлзээн,V,N,ээн,suffix,"('жирэлзэх', '#ээн')"
далд,далдлах,N,V,лах,suffix,"('далд', '#лах')"
сулрах,сулруулах,V,V,уулах,suffix,"('сул', '#рах', '#уулах')"
утах,утаа,V,N,аа,suffix,"('утах', '#аа')"
хүмүүжил,хүмүүжилгүй,N,J,гүй,suffix,"('хүмүүжил', '#гүй')"
соёл,соёлгүй,N,J,гүй,suffix,"('соёл', '#гүй')"
бүдүүн,бүдүүлэг,N,J,лэг,suffix,"('бүдүүн', '#лэг')"
шивэх,шивээс,V,N,ээс,suffix,"('шивэх', '#ээс')"
шүгэл,шүгэлдэх,N,V,дэх,suffix,"('шүгэх', '#л', '#дэх')"
шүгэх,шүгэл,V,N,л,suffix,"('шүгэх', '#л')"
гэрэлтүүлэх,гэрэлтүүлэг,V,N,г,suffix,"('гэрэлтүүлэх', '#г')"
дургүй,дургүйцэх,J,V,цэх,suffix,"('дургүй', '#цэх')"
зэвүү,зэвүүцэх,J,V,цэх,suffix,"('зэвүү', '#цэх')"
зангилах,зангилаа,V,N,аа,suffix,"('зангилах', '#аа')"
боловсрох,боловсрол,V,N,л,suffix,"('боловсрох', '#л')"
ахлах,ахлагч,V,N,гч,suffix,"('ахлах', '#гч')"
удирдах,удирдагч,V,N,гч,suffix,"('удирдах', '#гч')"
гөжих,гөжүүд,V,J,үүд,suffix,"('гөжих', '#үүд')"
дур,дуртай,N,J,тай,suffix,"('дур', '#тай')"
өрсөлдөх,өрсөлдөгч,V,N,гч,suffix,"('өрсөлдөх', '#гч')"
сүлжих,сүлжмэл,V,N,мэл,suffix,"('сүлжих', '#мэл')"
хүндэт,хүндэтгэх,J,V,гэх,suffix,"('хүндэт', '#гэх')"
туйлбар,туйлбаргүй,N,J,гүй,suffix,"('туйлбар', '#гүй')"
тогтох,тогтуун,V,J,уун,suffix,"('тогтох', '#уун')"
тооцох,тооцоо,V,N,оо,suffix,"('тооцох', '#оо')"
хөдлөх,хөдөлмөр,V,N,мөр,suffix,"('хөдлөх', '#мөр')"
өргөх,өргөлт,V,N,лт,suffix,"('өргөх', '#лт')"
ижил,ижилхэн,N,N,хэн,suffix,"('ижил', '#хэн')"
адил,адилхан,N,N,хан,suffix,"('адил', '#хан')"
эвдрэх,эвдрэл,V,N,л,suffix,"('эвдрэх', '#л')"
үхжих,үхжилт,V,N,лт,suffix,"('үхжих', '#лт')"
цуглуулах,цуглуулга,V,N,лга,suffix,"('цуглах', '#уулах', '#лга')"
хамаа,хамаагүй,N,J,гүй,suffix,"('хамаа', '#гүй')"
амьсгал,амьсгалгүй,N,J,гүй,suffix,"('амьсгал', '#гүй')"
хамаа,хамаатай,N,J,тай,suffix,"('хамаа', '#тай')"
холбоо,холбоотой,N,J,той ,suffix,"('холбох', '#оо', '#той ')"
гэм,гэмших,N,V,ших,suffix,"('гэм', '#ших')"
ирвэгнэх,ирвэгнүүлэх,V,V,үүлэх,suffix,"('ирвэгнэх', '#үүлэх')"
загатнах,загатнуулах,V,V,уулах,suffix,"('загатнах', '#уулах')"
худалдах,худалдагч,V,N,гч,suffix,"('худалдах', '#гч')"
зар,зарлага,N,N,лага,suffix,"('зар', '#лага')"
гонсойх,гонсойлгох,V,V,лгох,suffix,"('гонсойх', '#лгох')"
тэрс,тэрслэх,N,V,лэх,suffix,"('тэрс', '#лэх')"
ажил,ажилсаг,N,J,саг,suffix,"('ажил', '#саг')"
судлах,судалгаа,V,N,аа,suffix,"('судлах', '#аа')"
туслах,туслагч,V,N,гч,suffix,"('тус', '#лах', '#гч')"
аврах,аврагч,V,N,гч,suffix,"('аврах', '#гч')"
давхар,давхрага,N,N,га,suffix,"('давхар', '#га')"
ичих,ичмээр,V,R,ээр,suffix,"('ичих', '#ээр')"
эрдэм,эрдэмтэн,N,N,тэн,suffix,"('эрдэм', '#тэн')"
хөдлөх,хөдлөшгүй,V,N,шгүй,suffix,"('хөдлөх', '#шгүй')"
таслах,таслал,V,N,лал,suffix,"('таслах', '#лал')"
хөших,хөшүүрэг,V,N,үүрэг,suffix,"('хөших', '#үүрэг')"
ялгаа,ялгаагүй,N,J,гүй,suffix,"('ялгаа', '#гүй')"
сийлбэр,сийлбэрч,N,N,ч,suffix,"('сийлбэр', '#ч')"
баримал,барималч,N,N,ч,suffix,"('баримал', '#ч')"
сүрдэх,сүрдүүлэх,V,V,үүлэх,suffix,"('сүр', '#дэх', '#үүлэх')"
эсрэгцүүлэх,эсрэгцүүлэл,V,N,л,suffix,"('эсрэгцүүлэх', '#л')"
харьцуулах,харьцуулал,V,N,л,suffix,"('харьцуулах', '#л')"
харьцах,харьцал,V,N,л,suffix,"('харьцах', '#л')"
тэнэг,тэнэгдүү,J,J,дүү,suffix,"('тэнэг', '#дүү')"
анхаарах,анхаарал,V,N,л,suffix,"('анхаарах', '#л')"
галзуурах,галзуурал,V,N,л,suffix,"('галзуурах', '#л')"
солиорох,солиорол,V,N,л,suffix,"('солиорох', '#л')"
зогсолт,зогсолтгүй,N,J,гүй,suffix,"('зогсох', '#лт', '#гүй')"
түгдрэл,түгдрэлгүй,N,J,гүй,suffix,"('түгдрэл', '#гүй')"
илэх,иллэг,V,N,лэг,suffix,"('илэх', '#лэг')"
жөтөө,жөтөөрхөх,N,V,рхөх,suffix,"('жөтөө', '#рхөх')"
зогсох,зогсоц,V,N,ц,suffix,"('зогсох', '#ц')"
илгээх,илгээгч,V,N,гч,suffix,"('илгээх', '#гч')"
тасрах,тасрал,V,N,л,suffix,"('тасрах', '#л')"
боох,боол,V,N,л,suffix,"('боох', '#л')"
зарах,зарц,V,N,ц,suffix,"('зарах', '#ц')"
таслах,тасалгаа,V,N,гаа,suffix,"('таслах', '#гаа')"
гүйцэд,гүйцэтгэх,J,V,гэх,suffix,"('гүйцэд', '#гэх')"
үйл,үйлдэх,N,V,дэх,suffix,"('үйл', '#дэх')"
хийсэх,хийсэх,V,V,гэх,suffix,maximum recursion depth exceeded
зочин,зочлох,N,V,лох,suffix,"('зочин', '#лох')"
айл,айлчлах,N,V,чилах,suffix,"('айл', '#чилах')"
түгжих,түгжээ,V,N,ээ,suffix,"('түгжих', '#ээ')"
хонь,хоньчин,N,N,чин,suffix,"('хонь', '#чин')"
залах,залрах,V,V,рах,suffix,"('залах', '#рах')"
орхих,орхилт,V,N,лт,suffix,"('орхих', '#лт')"
гадуурхах,гадуурхал,V,N,л,suffix,"('гадуурхах', '#л')"
ганцаардах,ганцаардмал,V,J,мал,suffix,"('ганцаардах', '#мал')"
тусгаарлах,тусгаарлагдах,V,V,гдах,suffix,"('тусгаарлах', '#гдах')"
салах,саланги,V,V,нги,suffix,"('салах', '#нги')"
таалах,таалагдах,V,V,гдах,suffix,"('таалах', '#гдах')"
хийсэх,хийсгэх,V,V,гэх,suffix,maximum recursion depth exceeded
намирах,намируулах,V,V,уулах,suffix,"('намирах', '#уулах')"
дэрвэх,дэрвүүлэх,V,V,үүлэх,suffix,"('дэрвэх', '#үүлэх')"
хол,холдох,N,V,дох,suffix,"('хол', '#дох')"
зан,зангаа,N,N,гаа,suffix,"('зан', '#гаа')"
холдох,холдуулах,N,V,уулах,suffix,"('хол', '#дох', '#уулах')"
зайлах,зайлуулах,N,V,уулах,suffix,"('зайлах', '#уулах')"
инээмсэглэх,инээмсэглэл,V,N,л,suffix,"('инээмсэглэх', '#л')"
дээш,дээшлэх,J,V,лэх,suffix,"('дээш', '#лэх')"
сайжруулах,сайжруулалт,V,N,лт,suffix,"('сайжрах', '#уулах', '#лт')"
нэмэх,нэмэгдэх,V,V,гдэх ,suffix,"('нэмэх', '#гдэх ')"
өсөх,өгсөх,V,V,гөх,suffix,"('өсөх', '#гөх')"
хоцрогдох,хоцрогдол,V,N,л,suffix,"('хоцрогдох', '#л')"
суурь,суурьших,N,V,их,suffix,"('суурь', '#их')"
чинээлэх,чинээлэг,V,N,г,suffix,"('чинээлэх', '#г')"
сэргээх,сэргээлт,V,N,лт,suffix,"('сэргэх', '#ээх', '#лт')"
болих,болиулах,V,V,уулах,suffix,"('болих', '#уулах')"
өвчин,өвчтөн,N,N,төн,suffix,"('өвчин', '#төн')"
боловсрох,боловсролт,V,N,лт,suffix,"('боловсрох', '#лт')"
болох,бололт,V,N,лт,suffix,"('болох', '#лт')"
байх,байлгах,V,V,лгах,suffix,"('байх', '#лгах')"
аялах,аялагч,V,N,гч,suffix,"('аян', '#лах', '#гч')"
ажиг,ажиглах,N,V,лах,suffix,"('ажиг', '#лах')"
шинж,шинжлэх,N,V,лэх,suffix,"('шинж', '#лэх')"
зэрэглэх,зэрэглэл,V,N,л,suffix,"('зэрэглэх', '#л')"
дараалах,дараалал,V,N,л,suffix,"('дараалах', '#л')"
байр,байрлах,N,V,лах,suffix,"('байр', '#лах')"
дуулах,дуулаач,V,N,ч,suffix,"('дуу', '#лах', '#ч')"
ариутгах,ариутгал,V,N,л,suffix,"('ариутгах', '#л')"
халдваргүйжүүлэх,халдваргүйжүүлэлт,V,N,лт,suffix,"('халдваргүйжүүлэх', '#лт')"
давалгаа,давалгаалах,N,V,лах,suffix,"('давалгаа', '#лах')"
гял,гялбах,J,V,бах,suffix,"('гял', '#бах')"
гял,гялалзах,J,V,лзах,suffix,"('гял', '#лзах')"
дайвах,дайвалзах,V,V,лзах,suffix,"('дайвах', '#лзах')"
углах,углааш,V,N,ааш,suffix,"('углах', '#ааш')"
чухалчлах,чухалчлал,V,N,л,suffix,"('чухал', '#члах', '#л')"
онцгой,онцгойрох,J,V,рох,suffix,"('онцгой', '#рох')"
нэр,нэргүй,N,J,гүй,suffix,"('нэр', '#гүй')"
тохиромж,тохиромжтой,N,J,той,suffix,"('тохиромж', '#той')"
хүндэтгэх,хүндэтгэл,V,N,л,suffix,"('хүндэт', '#гэх', '#л')"
хүндлэх,хүндлэл,V,N,л,suffix,"('хүндлэх', '#л')"
холих,хольц,V,N,ц,suffix,"('холих', '#ц')"
хайлах,хайлш,V,N,ш,suffix,"('хайлах', '#ш')"
заль,зальхай,N,J,хай,suffix,"('заль', '#хай')"
сорох,соронз,V,N,нз,suffix,"('сорох', '#нз')"
бяд,бядгүй,N,J,гүй,suffix,"('бяд', '#гүй')"
цалгих,цалгилах,V,V,лах,suffix,"('цалгих', '#лах')"
донгио,долгиолох,J,V,лох,suffix,"('донгио', '#лох')"
гутах,гутамшиг,V,N,мшиг,suffix,"('гутах', '#мшиг')"
ангууч,ангуучлах,N,V,лах,suffix,"('ангууч', '#лах')"
ан ,агнах,N,V,нах,suffix,"('ан ', '#нах')"
аних,анивчих,V,V,вчих,suffix,"('аних', '#вчих')"
улалзах,улалзуулах,V,V,уулах,suffix,"('улалзах', '#уулах')"
сав,савлах,N,V,лах,suffix,"('сав', '#лах')"
салга,салганах,J,V,нах,suffix,"('салга', '#нах')"
булаг,булгилах,N,V,лах,suffix,"('булаг', '#лах')"
цохих,цохилох,V,V,лох,suffix,"('цохих', '#лох')"
дарангуйлах,дарангуйлал,V,N,л,suffix,"('дарангуйлах', '#л')"
тамхи,тамхичин,N,N,чин,suffix,"('тамхи', '#чин')"
тагнах,тагнуул,V,N,уул,suffix,"('тагнах', '#уул')"
гилжийх,гилжийлгэх,V,V,гэх,suffix,"('гилжийх', '#гэх')"
хазайх,хазайлгах,V,V,лгах,suffix,"('хазайх', '#лгах')"
бэрх,бэрхшээл,J,N,шээл,suffix,"('бэрх', '#шээл')"
ашиглах,ашиглалт,V,N,лт,suffix,"('ашиглах', '#лт')"
дутах,дутмаг,V,J,маг,suffix,"('дутах', '#маг')"
гачигдах,гачигдал,V,N,л,suffix,"('гачих', '#гдах', '#л')"
хомсдох,хомсдол,V,N,л,suffix,"('хомсдох', '#л')"
өнцөг,өнцөгтэй,N,J,тэй,suffix,"('өнцөг', '#тэй')"
ирмэг,ирмэгтэй,N,J,тэй,suffix,"('ирмэг', '#тэй')"
яарах,яаруу,V,J,уу,suffix,"('яарах', '#уу')"
тэвдэх,тэвдүү,V,J,үү,suffix,"('тэвдэх', '#үү')"
сандрах,сандруу,V,J,уу,suffix,"('сандрах', '#уу')"
оёх,оёдол,V,N,дол,suffix,"('оёх', '#дол')"
хэтрэх,хэтрэлт,V,N,лт,suffix,"('хэт', '#рэх', '#лт')"
обой,обойдох,N,V,дох,suffix,"('обой', '#дох')"
бүрэх,бүрээс,V,N,ээс,suffix,"('бүрэх', '#ээс')"
бүрэх,бүрмэл,V,N,мэл,suffix,"('бүрэх', '#мэл')"
тэнгэр,тэнгэрлэг,N,J,лэг,suffix,"('тэнгэр', '#лэг')"
үйлчлэх,үйлчлэл,V,N,л,suffix,"('үйлчлэх', '#л')"
их,ихэмсэг,V,J,мсэг,suffix,"('их', '#мсэг')"
эрхэм,эрхэмсэг,J,J,сэг,suffix,"('эрхэм', '#сэг')"
жингүй,жингүйдэх,J,V,дэх,suffix,"('жингүй', '#дэх')"
түрэмжий,түрэмгийлэл,J,N,лэл,suffix,"('түрэмжий', '#лэл')"
довтлох,довтлолт,V,N,лт,suffix,"('довтлох', '#лт')"
ялагдах,ялагдал,V,N,л,suffix,"('ялагдах', '#л')"
бүтэлгүйтэх,бүтэлгүйтэл,V,N,л,suffix,"('бүтэлгүйтэх', '#л')"
ухаан,ухаангүй,N,J,гүй,suffix,"('ухаан', '#гүй')"
санах,санамж,V,N,мж,suffix,"('санах', '#мж')"
найдах,найдлага,V,N,лага,suffix,"('найдах', '#лага')"
алдагдах,алдагдал,V,N,л,suffix,"('алдагдах', '#л')"
хохирох,хохирол,V,N,л,suffix,"('хохирох', '#л')"
хөнөөх,хөнөөл,V,N,л,suffix,"('хөнөөх', '#л')"
үрэх,үрлэг,N,N,лэг,suffix,"('үрэх', '#лэг')"
завхайрах,завхайрал,V,N,л,suffix,"('завхай', '#рах', '#л')"
хэмжих,хэмжүүр,V,N,үүр,suffix,"('хэмжих', '#үүр')"
хэмжих,хэмжигч,V,N,гч,suffix,"('хэмжих', '#гч')"
тоолох,тоолуур,V,N,уур,suffix,"('тоолох', '#уур')"
эрдэм,эрдэмтэй,N,J,тэй,suffix,"('эрдэм', '#тэй')"
урвах,урвалт,V,N,лт,suffix,"('урвах', '#лт')"
явах,явдал,V,N,дал,suffix,"('явах', '#дал')"
хуурах,хууралт,V,N,лт,suffix,"('хуурах', '#лт')"
заль,залилах,N,V,лах,suffix,"('заль', '#лах')"
заль,залилан,N,N,лан,suffix,"('заль', '#лан')"
мэхлэх,мэхлэлт,V,N,лт,suffix,"('мэхлэх', '#лт')"
хоцрох,хоцрогч,V,N,гч,suffix,"('хоцрох', '#гч')"
бахархах,бахархал,V,N,л,suffix,"('бахархах', '#л')"
шунах,шунал,V,N,л,suffix,"('шунах', '#л')"
хойрго,хойргошил,J,N,шил,suffix,"('хойрго', '#шил')"
залхуурах,залхуурал,V,N,л,suffix,"('залхуурах', '#л')"
хилэгнэх,хилэгнэл,V,N,л,suffix,"('хилэгнэх', '#л')"
халтайх,халтайсан,V,J,сан,suffix,"('халтайх', '#сан')"
зурах,зурлага,V,N,лага,suffix,"('зурах', '#лага')"
үргэлж,үргэлжлэл,J,J,лэл,suffix,"('үргэлж', '#лэл')"
оюун,оюутан,N,N,тан,suffix,"('оюун', '#тан')"
ягших,ягштал,V,J,тал,suffix,"('ягших', '#тал')"
бат,баттай,N,J,тай,suffix,"('бат', '#тай')"
лав,лавтай,J,J,тай,suffix,"('лав', '#тай')"
хурд,хурдан,N,J,н,suffix,"('хурд', '#н')"
нисэх,нисгэх,V,V,гэх,suffix,"('нисэх', '#гэх')"
залгамжлах,залгамжлагч,V,N,гч,suffix,"('залгамжлах', '#гч')"
олз,олзлол,N,N,лол,suffix,"('олз', '#лол')"
ядах,ядмаг,V,J,маг,suffix,"('ядах', '#маг')"
дууриах,дууриамал,V,J,мал,suffix,"('дууриах', '#мал')"
хариуцах,хариуцлага,V,N,лага,suffix,"('хариуцах', '#лага')"
мэдрэх,мэдрэхгүй,N,J,гүй,suffix,"('мэдрэх', '#гүй')"
мэдрэмж,мэдрэмжгүй,N,J,гүй,suffix,"('мэдрэх', '#мж', '#гүй')"
бохирдох,бохирдол,V,N,л,suffix,"('бохирдох', '#л')"
зөөвөр,зөөвөрлөх,N,V,лөх,suffix,"('зөөвөр', '#лөх')"
тээвэр,тээвэрлэх,N,V,лэх,suffix,"('тээх', '#вэр', '#лэх')"
сэжиг ,сэжигтэн,N,N,тэн,suffix,"('сэжиг ', '#тэн')"
сэжиглэгдэх,сэжиглэгдэгч,V,N,гч,suffix,"('сэжиглэгдэх', '#гч')"
мэдээ,мэдээгүй,N,J,гүй,suffix,"('мэдээ', '#гүй')"
идэгдэх,идэгдэл,V,N,л,suffix,"('идэгдэх', '#л')"
идэх,идэлт,V,N,лт,suffix,"('идэх', '#лт')"
элээх,элээлт,V,N,лт,suffix,"('элээх', '#лт')"
элэгдэх,элэгдэл,V,N,л,suffix,"('элэгдэх', '#л')"
турших,туршилт,V,N,лт,suffix,"('турших', '#лт')"
оролдох,оролдлого,V,N,лого,suffix,"('оролдох', '#лого')"
зүтгэх,зүтгэл,V,N,л,suffix,"('зүтгэх', '#л')"
мэрийх,мэрийлт,V,N,лт,suffix,"('мэрийх', '#лт')"
чармайх,чармайлт,V,N,лт,suffix,"('чармайх', '#лт')"
чөлөөлөх,чөлөөлөлт,V,N,лт,suffix,"('чөлөөлөх', '#лт')"
эрмэлзэх,эрмэлзлэл,V,N,л,suffix,"('эрмэлзэх', '#л')"
тэмүүлэх,тэмүүлэл,V,N,л,suffix,"('тэмүүлэх', '#л')"
дагах,дагагч,V,N,гч,suffix,"('дагах', '#гч')"
дэмжих,дэмжигч,V,N,гч,suffix,"('дэмжих', '#гч')"
сонордох,сонордуулах,V,V,уулах,suffix,"('сонордох', '#уулах')"
таних,таниулах,V,V,лах,suffix,"('таних', '#лах')"
мэдээ,мэдээлэх,N,V,лэх,suffix,"('мэдээ', '#лэх')"
оёдол,оёдолчин,N,N,чин,suffix,"('оёх', '#дол', '#чин')"
эрсдэх,эрсдэл,V,N,л,suffix,"('эрсдэх', '#л')"
нухац,нухацтай,N,J,тай,suffix,"('нухац', '#тай')"
хичээх,хичээнгүй,V,J,нгүй,suffix,"('хичээх', '#нгүй')"
хуудуу,хуудуутай,N,J,тай,suffix,"('хуудуу', '#тай')"
харш,харшил,J,N,л,suffix,"('харш', '#л')"
чийг,чийгшил,N,N,шил,suffix,"('чийг', '#шил')"
технологи,технологич,N,N,ч,suffix,"('технологи', '#ч')"
аврах,аврал,V,N,л,suffix,"('аврах', '#л')"
хамгаалах,хамгаалал,V,N,л,suffix,"('хамгаалах', '#л')"
түрээслэх,түрээслэгч,V,N,гч,suffix,"('түрээс', '#лэх', '#гч')"
хадгалах,хадгалалт,V,N,лт,suffix,"('хадгалах', '#лт')"
чангарах,чангарал,V,N,л,suffix,"('чанга', '#рах', '#л')"
дэвших,дэвшүүлэх,V,V,үүлэх,suffix,"('дэвших', '#үүлэх')"
онол,онолч,N,N,ч,suffix,"('онол', '#ч')"
хулгай,хулгайч,N,N,ч,suffix,"('хулгай', '#ч')"
их,ихсэх,J,V,сэх,suffix,"('их', '#сэх')"
арвин,арвижих,J,V,жих,suffix,"('арвин', '#жих')"
үргэлж,үргэлжлэх,J,V,лэх,suffix,"('үргэлж', '#лэх')"
тод,тодрох,J,V,рох,suffix,"('тод', '#рох')"
эргэх,эргүүл,V,N,үүл,suffix,"('эргэх', '#үүл')"
ажиглах,ажиглалт,V,N,лт,suffix,"('ажиг', '#лах', '#лт')"
дагалдах,дагалдагч,V,N,гч,suffix,"('дагалдах', '#гч')"
харах,харуул,V,V,уул,suffix,"('харах', '#уул')"
сүлжих,сүлжээ,V,N,ээ,suffix,"('сүлжих', '#ээ')"
хувцас,хувцаслах,V,V,лах,suffix,"('хувцас', '#лах')"
үзэх,үзэмж,V,N,мж,suffix,"('үзэх', '#мж')"
боох,боолт,V,N,лт,suffix,"('боох', '#лт')"
өмхий,өмхийрөх,J,V,рөх,suffix,"('өмхий', '#рөх')"
хуучрах,хуучралт,V,N,лт,suffix,"('хуучрах', '#лт')"
муу ,муудах,J,V,дах,suffix,"('муу ', '#дах')"
муудах,муудалт,V,N,лт,suffix,"('муу ', '#дах', '#лт')"
наймаа,наймаачин,N,N,чин,suffix,"('наймаа', '#чин')"
худалдаа,худалдаачин,N,N,чин,suffix,"('худалдах', '#аа', '#чин')"
борлуулах,борлуулалт,V,N,лт,suffix,"('борлуулах', '#лт')"
зарах,зарагдах,V,V,гдах,suffix,"('зарах', '#гдах')"
тэргүүн,тэргүүлэх,V,N,лэх,suffix,"('тэргүүн', '#лэх')"
манлай,манлайлах,J,V,лах,suffix,"('манлай', '#лах')"
суралцах,суралцагч,V,N,гч,suffix,"('суралцах', '#гч')"
тэрслэх,тэрслэгч,V,N,гч,suffix,"('тэрс', '#лэх', '#гч')"
хөндий,хөндийрөх,N,V,рөх,suffix,"('хөндий', '#рөх')"
амтлах,амталгаа,V,N,гаа,suffix,"('амтлах', '#гаа')"
ухагдах,ухагдахуун,V,N,уун,suffix,"('ухагдах', '#уун')"
арчаа,арчаагүй,N,J,гүй,suffix,"('арчаа', '#гүй')"
нүүх,нүүлгэх,V,V,лгэх,suffix,"('нүүх', '#лгэх')"
автоматжих,автоматжилт,V,N,лт,suffix,"('автоматжих', '#лт')"
баясах,баясал,V,N,л,suffix,"('баясах', '#л')"
цэнгэх,цэнгэл,V,N,л,suffix,"('цэнгэх', '#л')"
үйлдвэр,үйлдвэрлэх,N,V,лэх,suffix,"('үйл', '#дэх', '#вэр', '#лэх')"
олширох,олшруулах,V,V,уулах,suffix,"('олширох', '#уулах')"
ижил,ижилсэх,J,V,сэх,suffix,"('ижил', '#сэх')"
хэлтэрэх,хэлтэрхий,V,N,ий,suffix,"('хэлтэрэх', '#ий')"
хагарах,хагархай,V,N,ай,suffix,"('хагарах', '#ай')"
хотжуулах,хотжуулал,V,N,л,suffix,"('хотжуулах', '#л')"
хотжих,хотжилт,V,N,лт,suffix,"('хотжих', '#лт')"
утга,утгагүй,N,J,гүй,suffix,"('утга', '#гүй')"
онц,онцгүй,J,J,гүй,suffix,"('онц', '#гүй')"
сонирхол,сонирхолгүй,N,J,гүй,suffix,"('сонирхох', '#л', '#гүй')"
эмгэнэх,эмгэнэлт,V,N,лт,suffix,"('эмгэнэх', '#лт')"
гашуудал,гашуудалтай,N,J,тай,suffix,"('гашуудах', '#л', '#тай')"
уусах,уусмал,V,J,мал,suffix,"('уусах', '#мал')"
хэрэглэх,хэрэглэгч,V,N,гч,suffix,"('хэрэглэх', '#гч')"
шавах,шаваарах,V,V,рах,suffix,"('шавах', '#рах')"
тунах,тунадас,V,N,дас,suffix,"('тунах', '#дас')"
тэнэх,тэнэмэл,V,N,мэл,suffix,"('тэнэх', '#мэл')"
хэсэх,хэсүүлч,V,N,үүлч,suffix,"('хэсэх', '#үүлч')"
тэнэх,тэнүүлч,V,N,үүлч,suffix,"('тэнэх', '#үүлч')"
өтгөрөх,өтгөрүүлэх,V,N,үүлэх,suffix,"('өтгөрөх', '#үүлэх')"
бэлтгэх,бэлтгэл,V,N,л,suffix,"('бэлтгэх', '#л')"
адармаатай,адармаатай,N,J,тай,suffix,maximum recursion depth exceeded
ярвиг,ярвигтай,N,J,тай,suffix,"('ярвиг', '#тай')"
төвөг,төвөгтэй,N,J,эй,suffix,"('төвөг', '#эй')"
бодох,бодолт,V,N,лт,suffix,"('бодох', '#лт')"
бөхийх,бөхийлгөх,V,V,лгөх,suffix,"('бөхийх', '#лгөх')"
тонгойх,тонгойлгох,V,V,лгох,suffix,"('тонгойх', '#лгох')"
нэмэгдэх,нэмэгдэл,V,N,л,suffix,"('нэмэх', '#гдэх ', '#л')"
найдвар,найдвартай,N,J,тай,suffix,"('найдвар', '#тай')"
мөргөх,мөргөл,V,N,л,suffix,"('мөргөх', '#л')"
ялах,ялагч,V,N,гч,suffix,"('ялах', '#гч')"
үнэлэх,үнэлгээ,V,N,гээ,suffix,"('үнэлэх', '#гээ')"
шүүмжлэх,шүүмжлэл,V,N,,suffix,"can only concatenate str (not ""float"") to str"
үнэмшил,үнэмшилтэй,N,J,тэй,suffix,"('үнэмшил', '#тэй')"
тооцоолох,тооцоолол,V,N,л,suffix,"('тооцоолох', '#л')"
хийл,хийлч,N,N,ч,suffix,"('хийл', '#ч')"
солих,солилцох,V,V,лцох,suffix,"('солих', '#лцох')"
эргэх,эргэлдэх,V,V,лдэх,suffix,"('эргэх', '#лдэх')"
бүтэх,бүтэмж,V,N,мж,suffix,"('бүтэх', '#мж')"
биелэх,биелэл,V,N,л,suffix,"('биелэх', '#л')"
хорших,хоршил,V,N,л,suffix,"('хорших', '#л')"
гурав,гурвал,N,N,л,suffix,"('гурав', '#л')"
ам,амт,N,N,т,suffix,"('ам', '#т')"
хичээх,хичээл,V,N,л,suffix,"('хичээх', '#л')"
цоож,цоожлох,N,V,лох,suffix,"('цоож', '#лох')"
оньс,оньслох,N,V,лох,suffix,"('оньс', '#лох')"
хэлэх,хэллэг,V,N,лэг,suffix,"('хэл', '#х', '#лэг')"
өгүүлэх,өгүүлбэр,V,N,бэр,suffix,"('өгүүлэх', '#бэр')"
сургах,сургалт,V,N,лт,suffix,"('сурах', '#гах', '#лт')"
цохих,цохиулах,V,V,уулах,suffix,"('цохих', '#уулах')"
зөөх,зөөгч,V,N,гч,suffix,"('зөөх', '#гч')"
үйлчлэх,үйлчлэгч,V,N,гч,suffix,"('үйлчлэх', '#гч')"
дотно,дотносох,J,V,сох,suffix,"('дотно', '#сох')"
дэлгэх,дэлгүүр,V,N,үүр,suffix,"('дэлгэх', '#үүр')"
орд,ордон,N,N,н,suffix,"('орд', '#н')"
ярих,яриа,V,N,аа,suffix,"('ярих', '#аа')"
төмөр,төмөрлөг,N,N,лөг,suffix,"('төмөр', '#лөг')"
сургууль,сургуулилт,N,N,лт,suffix,"('сургууль', '#лт')"
давтах,давтлага,V,N,лага,suffix,"('давтах', '#лага')"
самуурах,самууруулах,V,V,уулах,suffix,"('самуурах', '#уулах')"
үймэх,үймүүлэх,V,V,үүлэх,suffix,"('үймэх', '#үүлэх')"
хэлэлцэх,хэлэлцэгч,V,N,гч,suffix,"('хэлэлцэх', '#гч')"
мэтгэлцэх,мэтгэлцэгч,V,N,гч,suffix,"('мэтгэлцэх', '#гч')"
гагнуур,гагнуурчин,N,N,чин,suffix,"('гагнах', '#уур', '#чин')"
бичих,бичээс,V,N,ээс,suffix,"('бичих', '#ээс')"
аяга,аягалах,N,V,лах,suffix,"('аяга', '#лах')"
хатгах,хатгамал,V,N,мал,suffix,"('хатгах', '#мал')"
тэргүүлэх,тэргүүлэгч,V,N,гч,suffix,"('тэргүүн', '#лэх', '#гч')"
давс,давсархаг,N,J,рхаг,suffix,"('давс', '#рхаг')"
эм,эмэгтэй,J,J,гтэй,suffix,"('эм', '#гтэй')"
цэцэрлэгжүүлэх,цэцэрлэгжүүлэлт,V,N,лт,suffix,"('цэцэрлэгжүүлэх', '#лт')"
ая,аялга,N,N,лга,suffix,"('ая', '#лга')"
хэм,хэмнэл,N,N,нэл,suffix,"('хэм', '#нэл')"
тохижуулах,тохижуулалт,V,N,лт,suffix,"('тохижуулах', '#лт')"
цэцэгжүүлэх,цэцэгжүүлэлт,V,N,лт,suffix,"('цэцэгжүүлэх', '#лт')"
сүсэг,сүсэгтэн,N,N,тэн,suffix,"('сүсэг', '#тэн')"
ялгаа,ялгаатай,N,J,тай,suffix,"('ялгаа', '#тай')"
төлөвлөх,төлөвлөгөө,V,N,өө,suffix,"('төлөв', '#лөх', '#өө')"
төлөвлөх,төлөвлөлт,V,N,лт,suffix,"('төлөв', '#лөх', '#лт')"
программ,программчилах,N,V,чилах,suffix,"('программ', '#чилах')"
урлах,урлаг,V,N,г,suffix,"('урлах', '#г')"
цэцэглэх,цэцэглэлт,V,N,лт,suffix,"('цэцэглэх', '#лт')"
ядрах,ядруу,V,J,уу,suffix,"('ядрах', '#уу')"
хөрвөх,хөрвүүлэх,V,V,үүлэх,suffix,"('хөрвөх', '#үүлэх')"
аврах,ухаарал,V,N,рал,suffix,"('аврах', '#рал')"
сэхээрэх,сэхээрүүлэх,V,V,үүлэх,suffix,"('сэхээрэх', '#үүлэх')"
туух,туулах,V,V,лах,suffix,"('туух', '#лах')"
болох,болгох,V,V,гох,suffix,"('болох', '#гох')"
тохиол,тохиолдох,N,V,дох,suffix,"('тохиол', '#дох')"
өвөр,өвөрлөх,N,V,лөх,suffix,"('өвөр', '#лөх')"
зоог,зооглох,N,V,лох,suffix,"('зоог', '#лох')"
ам,амсах,N,V,сах,suffix,"('ам', '#сах')"
өрөмдөх,өрөмдлөг,V,N,лөг,suffix,"('өрөмдөх', '#лөг')"
зүйрлэх,зүйрлэл,V,N,л,suffix,"('зүйрлэх', '#л')"
толь,толигор,N,J,гор,suffix,"('толь', '#гор')"
эрэх,эрэл,V,N,л,suffix,"('эрэх', '#л')"
хайх,хайлт,V,N,лт,suffix,"('хайх', '#лт')"
тослох,тослог,V,J,г,suffix,"('тос', '#лох', '#г')"
олборлох,олборлолт,V,N,лт,suffix,"('олборлох', '#лт')"
зүүд,зүүдлэх,N,V,лэх,suffix,"('зүүд', '#лэх')"
гижиг,гижигдэх,N,V,дэх,suffix,"('гижиг', '#дэх')"
гийгүүлэх,гийгүүлэгч,V,N,гч,suffix,"('гийгүүлэх', '#гч')"
үрчиих,үрчийсэн,V,V,сэн,suffix,"('үрчиих', '#сэн')"
үнгэгдэх,үнгэгдсэн,V,V,сэн,suffix,"('үнгэгдэх', '#сэн')"
тонох,тонуул,V,N,уул,suffix,"('тонох', '#уул')"
бөнжийх,бөнжийлдөх,V,V,лдөх,suffix,"('бөнжийх', '#лдөх')"
шаваарах,шавааралдах,V,V,лдах,suffix,"('шавах', '#рах', '#лдах')"
хэл,хэлэх,N,V,х,suffix,"('хэл', '#х')"
үхэх,үхэл,V,N,л,suffix,"('үхэх', '#л')"
хэлэх,хэлэхүй,V,N,үй,suffix,"('хэл', '#х', '#үй')"
дуудах,дуудлага,V,N,лага,suffix,"('дуудах', '#лага')"
шивнэх,шивнээ,V,N,ээ,suffix,"('шивнэх', '#ээ')"
нээх,нээлгэх,V,V,лгэх,suffix,"('нээх', '#лгэх')"
халдах,халдлага,V,N,лага,suffix,"('халдах', '#лага')"
мэдэх,мэдэгдэх,V,V,гдэх,suffix,"('мэдэх', '#гдэх')"
үзэх,үзүүлэх,V,V,үүлэх,suffix,"('үзэх', '#үүлэх')"
уулзах,уулзуулах,V,V,уулах,suffix,"('уулзах', '#уулах')"
харах,харуулах,V,V,уулах,suffix,"('харах', '#уулах')"
тодрох,тодруулах,V,V,уулах,suffix,"('тод', '#рох', '#уулах')"
мэдрэх,мэдрэгдэх,V,V,гдэх,suffix,"('мэдрэх', '#гдэх')"
цухуйх,цухуйлгах,V,V,лгах,suffix,"('цухуйх', '#лгах')"
ил,илрэх,J,V,рэх,suffix,"('ил', '#рэх')"
бүлэх,бүлүүр,V,N,үүр,suffix,"('бүлэх', '#үүр')"
хэлэлцүүлэх,хэлэлцүүлэг,V,N,г,suffix,"('хэлэлцүүлэх', '#г')"
боловсруулах,боловсруулалт,V,N,лт,suffix,"('боловсрох', '#уулах', '#лт')"
бодох,бодрол,V,N,рол,suffix,"('бодох', '#рол')"
эргэцүүлэх,эргэцүүлэл,V,N,л,suffix,"('эргэцүүлэх', '#л')"
бодох,бодол,V,N,л,suffix,"('бодох', '#л')"
ярилцах,ярилцлага,V,N,лага,suffix,"('ярилцах', '#лага')"
найдлага,найдлагагүй,J,J,гүй,suffix,"('найдах', '#лага', '#гүй')"
эзэн,эзгүй,N,J,гүй,suffix,"('эзэн', '#гүй')"
үнэмшил,үнэмшилгүй,N,J,гүй,suffix,"('үнэмшил', '#гүй')"
итгэмээр,итгэмээргүй,J,J,гүй,suffix,"('итгэмээр', '#гүй')"
мэтгэлцэх,мэтгэлцээн,V,N,ээн,suffix,"('мэтгэлцэх', '#ээн')"
маргах,маргаан,V,N,аан,suffix,"('маргах', '#аан')"
зөвшилцөх,зөвшилцөл,V,N,л,suffix,"('зөвшилцөх', '#л')"
гэрэлтэх,гэрэлтэлт,V,N,лт,suffix,"('гэрэлтэх', '#лт')"
зөвлөх,зөвлөмж,V,N,мж,suffix,"('зөвлөх', '#мж')"
буурах,бууруулах,V,V,уулах,suffix,"('буурах', '#уулах')"
баримтлах,баримтлал,V,N,л,suffix,"('баримтлах', '#л')"
тоглох,тоглуулах,V,V,уулах,suffix,"('тоглох', '#уулах')"
назгай,наазгайдах,J,J,дах,suffix,"('назгай', '#дах')"
хэмжих,хэмжээс,V,N,ээс,suffix,"('хэмжих', '#ээс')"
асуух,асуулт,V,N,лт,suffix,"('асуух', '#лт')"
эвэр,эвэрлэг,N,J,лэг,suffix,"('эвэр', '#лэг')"
хайрс,хайрслаг,N,J,лаг,suffix,"('хайрс', '#лаг')"
хэмжих,хэмжилт,V,N,лт,suffix,"('хэмжих', '#лт')"
хүрэлцэх,хүрэлцэхүй,V,N,хүй,suffix,"('хүрэлцэх', '#хүй')"
орь,орилох,J,V,лох,suffix,"('орь', '#лох')"
хангинах,хангинуулах,V,V,уулах,suffix,"('хангинах', '#уулах')"
жингэнэх,жингэнүүлэх,V,V,үүлэх,suffix,"('жингэнэх', '#үүлэх')"
цуурай,цуурайтах,N,V,тах,suffix,"('цуурай', '#тах')"
тушаах,тушаал,V,N,л,suffix,"('тушаах', '#л')"
базах,базаах,V,V,аах,suffix,"('базах', '#аах')"
хуваах,хуваалт,V,N,лт,suffix,"('хуваах', '#лт')"
дуугарах,дуугаргах,V,V,гах,suffix,"('дуугарах', '#гах')"
төвлөрөх,төвлөрөл,V,N,л,suffix,"('төвлөрөх', '#л')"
төвлөрүүлэх,төвлөрүүлэлт,V,N,лт,suffix,"('төвлөрүүлэх', '#лт')"
бөөгнөрөх,бөөгнөрөл,V,N,л,suffix,"('бөөгнөрөх', '#л')"
бүтэмж,бүтэмжтэй,N,J,тэй,suffix,"('бүтэх', '#мж', '#тэй')"
тохирлцох,тохиролцоо,V,N,оо,suffix,"('тохирлцох', '#оо')"
эшлэх,эшлэл,V,N,л,suffix,"('эшлэх', '#л')"
ял,яллах,N,V,лах,suffix,"('ял', '#лах')"
сөргөлдөх,сөргөлдөөн,V,N,өөн,suffix,"('сөргөлдөх', '#өөн')"
эвдрэх,эвдрэлцэх,V,V,лцэх,suffix,"('эвдрэх', '#лцэх')"
таарах,таарахгүй,V,J,гүй,suffix,"('таарах', '#гүй')"
муудах,муудалцах,V,V,лцах,suffix,"('муу ', '#дах', '#лцах')"
зөрчилдөх,зөрчилдөөн,V,N,өөн,suffix,"('зөрчилдөх', '#өөн')"
шийдвэр,шийдвэрлэх,N,V,лэх,suffix,"('шийдэх', '#вэр', '#лэх')"
хөших,хөшүүн,V,N,үүн,suffix,"('хөших', '#үүн')"
хатуурах,хатуурал,V,N,л,suffix,"('хатуу', '#рах', '#л')"
зодох,зодоон,V,N,оон,suffix,"('зодох', '#оон')"
ёслох,ёслол,V,N,л,suffix,"('ёслох', '#л')"
урих,урилга,V,N,лга,suffix,"('урих', '#лга')"
гуйх,гуйлга,V,N,лга,suffix,"('гуйх', '#лга')"
шовгор,шорвогдуу,N,J,дуу,suffix,"('шовгор', '#дуу')"
ойх,ойлт,V,N,лт,suffix,"('ойх', '#лт')"
тусгах,тусгац,V,N,ц,suffix,"('тусгах', '#ц')"
хугарах,хугарал,V,N,л,suffix,"('хугарах', '#л')"
хүсэх,хүсэлт,V,N,лт,suffix,"('хүсэх', '#лт')"
гуйх,гуйлт,V,N,лт,suffix,"('гуйх', '#лт')"
яршиг,яршигтай,N,J,тай,suffix,"('яршиг', '#тай')"
ядаргаатай,ядаргаатай,N,J,тай,suffix,maximum recursion depth exceeded
тээр,тээртэй,N,J,тэй,suffix,"('тээр', '#тэй')"
монополь,монопольчлох,N,V,члох,suffix,"('монополь', '#члох')"
гэр,гэрлэх,N,V,лэх,suffix,"('гэр', '#лэх')"
гэрлэх,гэрлэлт,V,N,лт,suffix,"('гэр', '#лэх', '#лт')"
индүүдэх,индүүдлэг,V,N,лэг,suffix,"('индүү', '#дэх', '#лэг')"
индүү,индүүдэх,N,V,дэх,suffix,"('индүү', '#дэх')"
түрээс,түрээслэх,N,V,лэх,suffix,"('түрээс', '#лэх')"
үгүй,үгүйсгэх,J,V,сгэх,suffix,"('үгүй', '#сгэх')"
хэвлэх,хэвлэгч,V,N,гч,suffix,"('хэв', '#лэх', '#гч')"
бүтээгдэх,бүтээгдэхүүн,V,N,үүн,suffix,"('бүтээгдэх', '#үүн')"
үгүйсгэх,үгүйсгэл,V,N,л,suffix,"('үгүй', '#сгэх', '#л')"
хөөлгөх,хөөлгөгч,V,N,гч,suffix,"('хөөлгөх', '#гч')"
няцаах,няцаалт,V,N,лт,suffix,"('няцаах', '#лт')"
унжийх,унжийсан,V,J,сан,suffix,"('унжийх', '#сан')"
гундах,гундуу,V,J,уу,suffix,"('гундах', '#уу')"
жавхаа,жавхаагүй,N,J,гүй,suffix,"('жавхаа', '#гүй')"
унжих,унжгар,V,J,гар,suffix,"('унжих', '#гар')"
нуух,нуулт,V,N,лт,suffix,"('нуух', '#лт')"
нууцлах,нууцлалт,V,N,лт,suffix,"('нууцлах', '#лт')"
нуух,нуувч,V,N,вч,suffix,"('нуух', '#вч')"
бүтээх,бүтээлэг,N,V,лэг,suffix,"('бүтэх', '#ээх', '#лэг')"
хамаарах,хамаарахгүй,V,J,гүй,suffix,"('хамаарах', '#гүй')"
орших,оршуулах,V,V,уулах,suffix,"('орших', '#уулах')"
нийлүүлэх,нийлүүлэлт,V,N,лт,suffix,"('нийлэх', '#үүлэх', '#лт')"
хэвлэх,хэвлэлт,V,N,лт,suffix,"('хэв', '#лэх', '#лт')"
гаргах,гаргалт,V,N,лт,suffix,"('гарах', '#гах', '#лт')"
эрэх,эрэлт,V,N,лт,suffix,"('эрэх', '#лт')"
амрах,амралт,V,N,лт,suffix,"('амрах', '#лт')"
амлах,амлалт,V,N,лт,suffix,"('амлах', '#лт')"
байршуулах,байршуулалт,V,N,лт,suffix,"('байршуулах', '#лт')"
идэвхжүүлэх,идэвхжүүлэлт,V,N,лт,suffix,"('идэвхжих', '#үүлэх', '#лт')"
тээвэрлэх,тээвэрлэлт,V,N,лт,suffix,"('тээх', '#вэр', '#лэх', '#лт')"
живэх,живэлт,V,N,лт,suffix,"('живэх', '#лт')"
суух,суулт,V,N,лт,suffix,"('суух', '#лт')"
далдлах,далдлалт,V,N,лт,suffix,"('далд', '#лах', '#лт')"
түдгэлзүүлэх,түдгэлзүүлэлт,V,N,лт,suffix,"('түдгэлзүүлэх', '#лт')"
залгах,залгалт,V,N,лт,suffix,"('залгах', '#лт')"
сунгах,сунгалт,V,N,лт,suffix,"('сунгах', '#лт')"
тогтворжуулах,тогтворжуулалт,V,N,лт,suffix,"('тогтворжих', '#уулах', '#лт')"
эргүүлэх,эргүүлэлт,V,N,лт,suffix,"('эргэх', '#үүлэх', '#лт')"
цардах,цардалт,V,N,лт,suffix,"('цардах', '#лт')"
засах,засалт,V,N,лт,suffix,"('засах', '#лт')"
хучих,хучилт,V,N,лт,suffix,"('хучих', '#лт')"
гадагшлах,гадагшлалт,V,N,лт,suffix,"('гадагшлах', '#лт')"
алдагдах,алдагдалт,V,N,лт,suffix,"('алдагдах', '#лт')"
дэгдэх,дэгдэлт,V,N,лт,suffix,"('дэгдэх', '#лт')"
хорох,хороох,V,V,оох,suffix,"('хорох', '#оох')"
шатах,шатаах,V,V,аах,suffix,"('шатах', '#аах')"
чийг,чийглэг,N,J,лэг,suffix,"('чийг', '#лэг')"
ялах,ялалт,V,N,лт,suffix,"('ялах', '#лт')"
урхидах,урхидалт,V,N,лт,suffix,"('урхи', '#дах', '#лт')"
тусгаарлах,тусгаарлалт,V,N,лт,suffix,"('тусгаарлах', '#лт')"
